quarterId:ID(Quarter),year:INT,quarter:INT,current_median:FLOAT,prev_median:FLOAT,:LABEL
T0_Y2018_Q2,2018,2,49.19,,Quarter
T0_Y2018_Q3,2018,3,45.59,49.19,Quarter
T0_Y2018_Q4,2018,4,50.445,45.59,Quarter
T0_Y2019_Q1,2019,1,46.75,50.445,Quarter
T0_Y2019_Q2,2019,2,51.16,46.75,Quarter
T0_Y2019_Q3,2019,3,47.230000000000004,51.16,Quarter
T0_Y2019_Q4,2019,4,44.18,47.230000000000004,Quarter
T0_Y2020_Q1,2020,1,49.55,44.18,Quarter
T0_Y2020_Q2,2020,2,45.35,49.55,Quarter
T0_Y2020_Q3,2020,3,48.74,45.35,Quarter
T0_Y2020_Q4,2020,4,48.84,48.74,Quarter
T1_Y2018_Q2,2018,2,46.92,,Quarter
T1_Y2018_Q3,2018,3,43.9,46.92,Quarter
T1_Y2018_Q4,2018,4,45.82,43.9,Quarter
T1_Y2019_Q1,2019,1,47.045,45.82,Quarter
T1_Y2019_Q2,2019,2,43.83,47.045,Quarter
T1_Y2019_Q3,2019,3,46.485,43.83,Quarter
T1_Y2019_Q4,2019,4,45.87,46.485,Quarter
T1_Y2020_Q1,2020,1,45.805,45.87,Quarter
T1_Y2020_Q2,2020,2,46.17,45.805,Quarter
T1_Y2020_Q3,2020,3,47.27,46.17,Quarter
T1_Y2020_Q4,2020,4,46.209999999999994,47.27,Quarter
T2_Y2018_Q2,2018,2,41.33,,Quarter
T2_Y2018_Q3,2018,3,45.84,41.33,Quarter
T2_Y2018_Q4,2018,4,41.585,45.84,Quarter
T2_Y2019_Q1,2019,1,45.33,41.585,Quarter
T2_Y2019_Q2,2019,2,46.86,45.33,Quarter
T2_Y2019_Q3,2019,3,48.63,46.86,Quarter
T2_Y2019_Q4,2019,4,41.035,48.63,Quarter
T2_Y2020_Q1,2020,1,43.185,41.035,Quarter
T2_Y2020_Q2,2020,2,42.82,43.185,Quarter
T2_Y2020_Q3,2020,3,45.72,42.82,Quarter
T2_Y2020_Q4,2020,4,40.93,45.72,Quarter
T3_Y2018_Q2,2018,2,55.23,,Quarter
T3_Y2018_Q3,2018,3,56.135000000000005,55.23,Quarter
T3_Y2018_Q4,2018,4,52.19,56.135000000000005,Quarter
T3_Y2019_Q1,2019,1,53.82,52.19,Quarter
T3_Y2019_Q2,2019,2,56.665,53.82,Quarter
T3_Y2019_Q3,2019,3,54.695,56.665,Quarter
T3_Y2019_Q4,2019,4,55.75,54.695,Quarter
T3_Y2020_Q1,2020,1,54.6,55.75,Quarter
T3_Y2020_Q2,2020,2,54.11,54.6,Quarter
T3_Y2020_Q3,2020,3,53.605000000000004,54.11,Quarter
T3_Y2020_Q4,2020,4,53.935,53.605000000000004,Quarter
T4_Y2018_Q2,2018,2,51.260000000000005,,Quarter
T4_Y2018_Q3,2018,3,49.7,51.260000000000005,Quarter
T4_Y2018_Q4,2018,4,55.12,49.7,Quarter
T4_Y2019_Q1,2019,1,54.730000000000004,55.12,Quarter
T4_Y2019_Q2,2019,2,52.555,54.730000000000004,Quarter
T4_Y2019_Q3,2019,3,52.644999999999996,52.555,Quarter
T4_Y2019_Q4,2019,4,53.69,52.644999999999996,Quarter
T4_Y2020_Q1,2020,1,50.07,53.69,Quarter
T4_Y2020_Q2,2020,2,52.24,50.07,Quarter
T4_Y2020_Q3,2020,3,51.84,52.24,Quarter
T4_Y2020_Q4,2020,4,50.96,51.84,Quarter
T5_Y2018_Q2,2018,2,41.370000000000005,,Quarter
T5_Y2018_Q3,2018,3,43.58,41.370000000000005,Quarter
T5_Y2018_Q4,2018,4,36.28,43.58,Quarter
T5_Y2019_Q1,2019,1,38.46,36.28,Quarter
T5_Y2019_Q2,2019,2,36.92,38.46,Quarter
T5_Y2019_Q3,2019,3,38.41,36.92,Quarter
T5_Y2019_Q4,2019,4,44.64,38.41,Quarter
T5_Y2020_Q1,2020,1,42.55500000000001,44.64,Quarter
T5_Y2020_Q2,2020,2,41.87,42.55500000000001,Quarter
T5_Y2020_Q3,2020,3,41.775,41.87,Quarter
T5_Y2020_Q4,2020,4,43.7,41.775,Quarter
T6_Y2018_Q2,2018,2,40.44,,Quarter
T6_Y2018_Q3,2018,3,39.35,40.44,Quarter
T6_Y2018_Q4,2018,4,37.58,39.35,Quarter
T6_Y2019_Q1,2019,1,36.85,37.58,Quarter
T6_Y2019_Q2,2019,2,39.96,36.85,Quarter
T6_Y2019_Q3,2019,3,38.5,39.96,Quarter
T6_Y2019_Q4,2019,4,38.11,38.5,Quarter
T6_Y2020_Q1,2020,1,39.04,38.11,Quarter
T6_Y2020_Q2,2020,2,40.695,39.04,Quarter
T6_Y2020_Q3,2020,3,39.555,40.695,Quarter
T6_Y2020_Q4,2020,4,37.625,39.555,Quarter
T7_Y2018_Q2,2018,2,57.64,,Quarter
T7_Y2018_Q3,2018,3,51.525000000000006,57.64,Quarter
T7_Y2018_Q4,2018,4,54.33,51.525000000000006,Quarter
T7_Y2019_Q1,2019,1,44.92,54.33,Quarter
T7_Y2019_Q2,2019,2,52.269999999999996,44.92,Quarter
T7_Y2019_Q3,2019,3,54.06,52.269999999999996,Quarter
T7_Y2019_Q4,2019,4,53.0,54.06,Quarter
T7_Y2020_Q1,2020,1,54.49,53.0,Quarter
T7_Y2020_Q2,2020,2,51.04,54.49,Quarter
T7_Y2020_Q3,2020,3,54.49,51.04,Quarter
T7_Y2020_Q4,2020,4,52.8,54.49,Quarter
T8_Y2018_Q2,2018,2,51.69,,Quarter
T8_Y2018_Q3,2018,3,55.805,51.69,Quarter
T8_Y2018_Q4,2018,4,55.33,55.805,Quarter
T8_Y2019_Q1,2019,1,53.9,55.33,Quarter
T8_Y2019_Q2,2019,2,51.86,53.9,Quarter
T8_Y2019_Q3,2019,3,55.489999999999995,51.86,Quarter
T8_Y2019_Q4,2019,4,57.510000000000005,55.489999999999995,Quarter
T8_Y2020_Q1,2020,1,52.85,57.510000000000005,Quarter
T8_Y2020_Q2,2020,2,54.57,52.85,Quarter
T8_Y2020_Q3,2020,3,56.3,54.57,Quarter
T8_Y2020_Q4,2020,4,55.69,56.3,Quarter
T9_Y2018_Q2,2018,2,42.28,,Quarter
T9_Y2018_Q3,2018,3,47.17,42.28,Quarter
T9_Y2018_Q4,2018,4,42.91,47.17,Quarter
T9_Y2019_Q1,2019,1,39.56,42.91,Quarter
T9_Y2019_Q2,2019,2,43.864999999999995,39.56,Quarter
T9_Y2019_Q3,2019,3,41.38,43.864999999999995,Quarter
T9_Y2019_Q4,2019,4,41.05,41.38,Quarter
T9_Y2020_Q1,2020,1,40.33,41.05,Quarter
T9_Y2020_Q2,2020,2,43.82,40.33,Quarter
T9_Y2020_Q3,2020,3,42.27,43.82,Quarter
T9_Y2020_Q4,2020,4,41.97,42.27,Quarter
T10_Y2018_Q2,2018,2,39.32,,Quarter
T10_Y2018_Q3,2018,3,36.945,39.32,Quarter
T10_Y2018_Q4,2018,4,39.35,36.945,Quarter
T10_Y2019_Q1,2019,1,36.15,39.35,Quarter
T10_Y2019_Q2,2019,2,35.94,36.15,Quarter
T10_Y2019_Q3,2019,3,38.04,35.94,Quarter
T10_Y2019_Q4,2019,4,37.02,38.04,Quarter
T10_Y2020_Q1,2020,1,35.53,37.02,Quarter
T10_Y2020_Q2,2020,2,39.56,35.53,Quarter
T10_Y2020_Q3,2020,3,32.405,39.56,Quarter
T10_Y2020_Q4,2020,4,31.43,32.405,Quarter
T11_Y2018_Q2,2018,2,53.1,,Quarter
T11_Y2018_Q3,2018,3,51.605000000000004,53.1,Quarter
T11_Y2018_Q4,2018,4,54.675,51.605000000000004,Quarter
T11_Y2019_Q1,2019,1,52.760000000000005,54.675,Quarter
T11_Y2019_Q2,2019,2,54.42,52.760000000000005,Quarter
T11_Y2019_Q3,2019,3,56.5,54.42,Quarter
T11_Y2019_Q4,2019,4,51.665,56.5,Quarter
T11_Y2020_Q1,2020,1,54.01,51.665,Quarter
T11_Y2020_Q2,2020,2,51.32,54.01,Quarter
T11_Y2020_Q3,2020,3,52.965,51.32,Quarter
T11_Y2020_Q4,2020,4,55.525000000000006,52.965,Quarter
T12_Y2018_Q2,2018,2,39.55,,Quarter
T12_Y2018_Q3,2018,3,42.22,39.55,Quarter
T12_Y2018_Q4,2018,4,43.0,42.22,Quarter
T12_Y2019_Q1,2019,1,37.725,43.0,Quarter
T12_Y2019_Q2,2019,2,41.44,37.725,Quarter
T12_Y2019_Q3,2019,3,42.15,41.44,Quarter
T12_Y2019_Q4,2019,4,40.405,42.15,Quarter
T12_Y2020_Q1,2020,1,41.555,40.405,Quarter
T12_Y2020_Q2,2020,2,40.655,41.555,Quarter
T12_Y2020_Q3,2020,3,41.58,40.655,Quarter
T12_Y2020_Q4,2020,4,41.04,41.58,Quarter
T13_Y2018_Q2,2018,2,43.77,,Quarter
T13_Y2018_Q3,2018,3,45.33,43.77,Quarter
T13_Y2018_Q4,2018,4,45.39,45.33,Quarter
T13_Y2019_Q1,2019,1,45.79,45.39,Quarter
T13_Y2019_Q2,2019,2,41.730000000000004,45.79,Quarter
T13_Y2019_Q3,2019,3,45.75,41.730000000000004,Quarter
T13_Y2019_Q4,2019,4,44.515,45.75,Quarter
T13_Y2020_Q1,2020,1,42.47,44.515,Quarter
T13_Y2020_Q2,2020,2,46.87,42.47,Quarter
T13_Y2020_Q3,2020,3,46.144999999999996,46.87,Quarter
T13_Y2020_Q4,2020,4,41.46,46.144999999999996,Quarter
T14_Y2018_Q2,2018,2,38.375,,Quarter
T14_Y2018_Q3,2018,3,39.49,38.375,Quarter
T14_Y2018_Q4,2018,4,39.74,39.49,Quarter
T14_Y2019_Q1,2019,1,40.705,39.74,Quarter
T14_Y2019_Q2,2019,2,39.480000000000004,40.705,Quarter
T14_Y2019_Q3,2019,3,40.27,39.480000000000004,Quarter
T14_Y2019_Q4,2019,4,39.705,40.27,Quarter
T14_Y2020_Q1,2020,1,42.34,39.705,Quarter
T14_Y2020_Q2,2020,2,39.150000000000006,42.34,Quarter
T14_Y2020_Q3,2020,3,41.04,39.150000000000006,Quarter
T14_Y2020_Q4,2020,4,40.730000000000004,41.04,Quarter
T15_Y2018_Q2,2018,2,55.519999999999996,,Quarter
T15_Y2018_Q3,2018,3,55.19,55.519999999999996,Quarter
T15_Y2018_Q4,2018,4,51.38,55.19,Quarter
T15_Y2019_Q1,2019,1,53.245000000000005,51.38,Quarter
T15_Y2019_Q2,2019,2,50.18,53.245000000000005,Quarter
T15_Y2019_Q3,2019,3,52.85,50.18,Quarter
T15_Y2019_Q4,2019,4,50.7,52.85,Quarter
T15_Y2020_Q1,2020,1,52.394999999999996,50.7,Quarter
T15_Y2020_Q2,2020,2,48.25,52.394999999999996,Quarter
T15_Y2020_Q3,2020,3,51.89,48.25,Quarter
T15_Y2020_Q4,2020,4,50.31,51.89,Quarter
T16_Y2018_Q2,2018,2,37.875,,Quarter
T16_Y2018_Q3,2018,3,34.12,37.875,Quarter
T16_Y2018_Q4,2018,4,35.78,34.12,Quarter
T16_Y2019_Q1,2019,1,33.3,35.78,Quarter
T16_Y2019_Q2,2019,2,36.17,33.3,Quarter
T16_Y2019_Q3,2019,3,34.620000000000005,36.17,Quarter
T16_Y2019_Q4,2019,4,35.3,34.620000000000005,Quarter
T16_Y2020_Q1,2020,1,39.02,35.3,Quarter
T16_Y2020_Q2,2020,2,37.28,39.02,Quarter
T16_Y2020_Q3,2020,3,33.474999999999994,37.28,Quarter
T16_Y2020_Q4,2020,4,37.02,33.474999999999994,Quarter
T17_Y2018_Q2,2018,2,43.29,,Quarter
T17_Y2018_Q3,2018,3,42.46,43.29,Quarter
T17_Y2018_Q4,2018,4,36.63,42.46,Quarter
T17_Y2019_Q1,2019,1,42.51,36.63,Quarter
T17_Y2019_Q2,2019,2,41.855000000000004,42.51,Quarter
T17_Y2019_Q3,2019,3,40.69,41.855000000000004,Quarter
T17_Y2019_Q4,2019,4,38.265,40.69,Quarter
T17_Y2020_Q1,2020,1,39.34,38.265,Quarter
T17_Y2020_Q2,2020,2,40.14,39.34,Quarter
T17_Y2020_Q3,2020,3,43.28,40.14,Quarter
T17_Y2020_Q4,2020,4,42.185,43.28,Quarter
T18_Y2018_Q2,2018,2,35.04,,Quarter
T18_Y2018_Q3,2018,3,34.43,35.04,Quarter
T18_Y2018_Q4,2018,4,31.81,34.43,Quarter
T18_Y2019_Q1,2019,1,33.6,31.81,Quarter
T18_Y2019_Q2,2019,2,35.67,33.6,Quarter
T18_Y2019_Q3,2019,3,34.695,35.67,Quarter
T18_Y2019_Q4,2019,4,33.68,34.695,Quarter
T18_Y2020_Q1,2020,1,33.45,33.68,Quarter
T18_Y2020_Q2,2020,2,34.254999999999995,33.45,Quarter
T18_Y2020_Q3,2020,3,33.510000000000005,34.254999999999995,Quarter
T18_Y2020_Q4,2020,4,35.56,33.510000000000005,Quarter
T19_Y2018_Q2,2018,2,54.004999999999995,,Quarter
T19_Y2018_Q3,2018,3,52.915,54.004999999999995,Quarter
T19_Y2018_Q4,2018,4,55.254999999999995,52.915,Quarter
T19_Y2019_Q1,2019,1,54.28,55.254999999999995,Quarter
T19_Y2019_Q2,2019,2,52.72,54.28,Quarter
T19_Y2019_Q3,2019,3,56.28,52.72,Quarter
T19_Y2019_Q4,2019,4,54.42,56.28,Quarter
T19_Y2020_Q1,2020,1,52.42,54.42,Quarter
T19_Y2020_Q2,2020,2,53.7,52.42,Quarter
T19_Y2020_Q3,2020,3,53.400000000000006,53.7,Quarter
T19_Y2020_Q4,2020,4,54.25,53.400000000000006,Quarter
T20_Y2018_Q2,2018,2,41.72,,Quarter
T20_Y2018_Q3,2018,3,41.735,41.72,Quarter
T20_Y2018_Q4,2018,4,40.82,41.735,Quarter
T20_Y2019_Q1,2019,1,43.57,40.82,Quarter
T20_Y2019_Q2,2019,2,44.77,43.57,Quarter
T20_Y2019_Q3,2019,3,40.72,44.77,Quarter
T20_Y2019_Q4,2019,4,42.21,40.72,Quarter
T20_Y2020_Q1,2020,1,43.510000000000005,42.21,Quarter
T20_Y2020_Q2,2020,2,40.5,43.510000000000005,Quarter
T20_Y2020_Q3,2020,3,42.96,40.5,Quarter
T20_Y2020_Q4,2020,4,42.98,42.96,Quarter
T21_Y2018_Q2,2018,2,40.96,,Quarter
T21_Y2018_Q3,2018,3,42.22,40.96,Quarter
T21_Y2018_Q4,2018,4,45.56,42.22,Quarter
T21_Y2019_Q1,2019,1,45.31,45.56,Quarter
T21_Y2019_Q2,2019,2,49.28,45.31,Quarter
T21_Y2019_Q3,2019,3,44.98,49.28,Quarter
T21_Y2019_Q4,2019,4,46.31,44.98,Quarter
T21_Y2020_Q1,2020,1,43.935,46.31,Quarter
T21_Y2020_Q2,2020,2,45.425,43.935,Quarter
T21_Y2020_Q3,2020,3,46.03,45.425,Quarter
T21_Y2020_Q4,2020,4,45.46,46.03,Quarter
T22_Y2018_Q2,2018,2,50.28,,Quarter
T22_Y2018_Q3,2018,3,49.25,50.28,Quarter
T22_Y2018_Q4,2018,4,46.03,49.25,Quarter
T22_Y2019_Q1,2019,1,45.15,46.03,Quarter
T22_Y2019_Q2,2019,2,50.18,45.15,Quarter
T22_Y2019_Q3,2019,3,45.745000000000005,50.18,Quarter
T22_Y2019_Q4,2019,4,50.72,45.745000000000005,Quarter
T22_Y2020_Q1,2020,1,48.17,50.72,Quarter
T22_Y2020_Q2,2020,2,47.65,48.17,Quarter
T22_Y2020_Q3,2020,3,46.815,47.65,Quarter
T22_Y2020_Q4,2020,4,49.855000000000004,46.815,Quarter
T23_Y2018_Q2,2018,2,51.47,,Quarter
T23_Y2018_Q3,2018,3,49.185,51.47,Quarter
T23_Y2018_Q4,2018,4,49.75,49.185,Quarter
T23_Y2019_Q1,2019,1,51.29,49.75,Quarter
T23_Y2019_Q2,2019,2,50.4,51.29,Quarter
T23_Y2019_Q3,2019,3,51.875,50.4,Quarter
T23_Y2019_Q4,2019,4,51.765,51.875,Quarter
T23_Y2020_Q1,2020,1,50.09,51.765,Quarter
T23_Y2020_Q2,2020,2,53.150000000000006,50.09,Quarter
T23_Y2020_Q3,2020,3,49.74,53.150000000000006,Quarter
T23_Y2020_Q4,2020,4,49.62,49.74,Quarter
T24_Y2018_Q2,2018,2,47.37,,Quarter
T24_Y2018_Q3,2018,3,48.129999999999995,47.37,Quarter
T24_Y2018_Q4,2018,4,51.254999999999995,48.129999999999995,Quarter
T24_Y2019_Q1,2019,1,49.36,51.254999999999995,Quarter
T24_Y2019_Q2,2019,2,52.37,49.36,Quarter
T24_Y2019_Q3,2019,3,49.05,52.37,Quarter
T24_Y2019_Q4,2019,4,48.76,49.05,Quarter
T24_Y2020_Q1,2020,1,48.885,48.76,Quarter
T24_Y2020_Q2,2020,2,50.58,48.885,Quarter
T24_Y2020_Q3,2020,3,55.879999999999995,50.58,Quarter
T24_Y2020_Q4,2020,4,49.29,55.879999999999995,Quarter
T25_Y2018_Q2,2018,2,65.8,,Quarter
T25_Y2018_Q3,2018,3,60.91,65.8,Quarter
T25_Y2018_Q4,2018,4,63.445,60.91,Quarter
T25_Y2019_Q1,2019,1,68.495,63.445,Quarter
T25_Y2019_Q2,2019,2,64.77000000000001,68.495,Quarter
T25_Y2019_Q3,2019,3,61.58,64.77000000000001,Quarter
T25_Y2019_Q4,2019,4,65.79,61.58,Quarter
T25_Y2020_Q1,2020,1,68.655,65.79,Quarter
T25_Y2020_Q2,2020,2,68.8,68.655,Quarter
T25_Y2020_Q3,2020,3,65.35,68.8,Quarter
T25_Y2020_Q4,2020,4,62.14,65.35,Quarter
T26_Y2018_Q2,2018,2,47.17,,Quarter
T26_Y2018_Q3,2018,3,49.27,47.17,Quarter
T26_Y2018_Q4,2018,4,45.004999999999995,49.27,Quarter
T26_Y2019_Q1,2019,1,47.239999999999995,45.004999999999995,Quarter
T26_Y2019_Q2,2019,2,47.56,47.239999999999995,Quarter
T26_Y2019_Q3,2019,3,44.22,47.56,Quarter
T26_Y2019_Q4,2019,4,45.11,44.22,Quarter
T26_Y2020_Q1,2020,1,47.935,45.11,Quarter
T26_Y2020_Q2,2020,2,47.18,47.935,Quarter
T26_Y2020_Q3,2020,3,45.585,47.18,Quarter
T26_Y2020_Q4,2020,4,47.95,45.585,Quarter
T27_Y2018_Q2,2018,2,41.04,,Quarter
T27_Y2018_Q3,2018,3,42.685,41.04,Quarter
T27_Y2018_Q4,2018,4,43.065,42.685,Quarter
T27_Y2019_Q1,2019,1,42.925,43.065,Quarter
T27_Y2019_Q2,2019,2,43.155,42.925,Quarter
T27_Y2019_Q3,2019,3,43.52,43.155,Quarter
T27_Y2019_Q4,2019,4,41.75,43.52,Quarter
T27_Y2020_Q1,2020,1,43.015,41.75,Quarter
T27_Y2020_Q2,2020,2,43.205,43.015,Quarter
T27_Y2020_Q3,2020,3,42.35,43.205,Quarter
T27_Y2020_Q4,2020,4,44.905,42.35,Quarter
T28_Y2018_Q2,2018,2,49.93,,Quarter
T28_Y2018_Q3,2018,3,51.985,49.93,Quarter
T28_Y2018_Q4,2018,4,51.875,51.985,Quarter
T28_Y2019_Q1,2019,1,48.87,51.875,Quarter
T28_Y2019_Q2,2019,2,50.17,48.87,Quarter
T28_Y2019_Q3,2019,3,51.22,50.17,Quarter
T28_Y2019_Q4,2019,4,51.57,51.22,Quarter
T28_Y2020_Q1,2020,1,50.39,51.57,Quarter
T28_Y2020_Q2,2020,2,48.37,50.39,Quarter
T28_Y2020_Q3,2020,3,49.025,48.37,Quarter
T28_Y2020_Q4,2020,4,50.644999999999996,49.025,Quarter
T29_Y2018_Q2,2018,2,50.48,,Quarter
T29_Y2018_Q3,2018,3,50.165,50.48,Quarter
T29_Y2018_Q4,2018,4,54.38,50.165,Quarter
T29_Y2019_Q1,2019,1,49.97,54.38,Quarter
T29_Y2019_Q2,2019,2,52.99,49.97,Quarter
T29_Y2019_Q3,2019,3,45.07,52.99,Quarter
T29_Y2019_Q4,2019,4,53.465,45.07,Quarter
T29_Y2020_Q1,2020,1,51.519999999999996,53.465,Quarter
T29_Y2020_Q2,2020,2,52.665,51.519999999999996,Quarter
T29_Y2020_Q3,2020,3,50.06,52.665,Quarter
T29_Y2020_Q4,2020,4,53.56,50.06,Quarter
T30_Y2018_Q2,2018,2,47.3,,Quarter
T30_Y2018_Q3,2018,3,48.06,47.3,Quarter
T30_Y2018_Q4,2018,4,49.760000000000005,48.06,Quarter
T30_Y2019_Q1,2019,1,47.105,49.760000000000005,Quarter
T30_Y2019_Q2,2019,2,49.495000000000005,47.105,Quarter
T30_Y2019_Q3,2019,3,46.400000000000006,49.495000000000005,Quarter
T30_Y2019_Q4,2019,4,46.43,46.400000000000006,Quarter
T30_Y2020_Q1,2020,1,44.535,46.43,Quarter
T30_Y2020_Q2,2020,2,49.09,44.535,Quarter
T30_Y2020_Q3,2020,3,47.47,49.09,Quarter
T30_Y2020_Q4,2020,4,45.75,47.47,Quarter
T31_Y2018_Q2,2018,2,52.114999999999995,,Quarter
T31_Y2018_Q3,2018,3,50.995000000000005,52.114999999999995,Quarter
T31_Y2018_Q4,2018,4,50.63,50.995000000000005,Quarter
T31_Y2019_Q1,2019,1,50.135,50.63,Quarter
T31_Y2019_Q2,2019,2,49.64,50.135,Quarter
T31_Y2019_Q3,2019,3,53.74,49.64,Quarter
T31_Y2019_Q4,2019,4,48.19,53.74,Quarter
T31_Y2020_Q1,2020,1,51.735,48.19,Quarter
T31_Y2020_Q2,2020,2,51.565,51.735,Quarter
T31_Y2020_Q3,2020,3,47.1,51.565,Quarter
T31_Y2020_Q4,2020,4,52.105000000000004,47.1,Quarter
T32_Y2018_Q2,2018,2,58.05,,Quarter
T32_Y2018_Q3,2018,3,58.1,58.05,Quarter
T32_Y2018_Q4,2018,4,62.42,58.1,Quarter
T32_Y2019_Q1,2019,1,59.12,62.42,Quarter
T32_Y2019_Q2,2019,2,57.39,59.12,Quarter
T32_Y2019_Q3,2019,3,55.86,57.39,Quarter
T32_Y2019_Q4,2019,4,57.6,55.86,Quarter
T32_Y2020_Q1,2020,1,58.64,57.6,Quarter
T32_Y2020_Q2,2020,2,64.78999999999999,58.64,Quarter
T32_Y2020_Q3,2020,3,59.61,64.78999999999999,Quarter
T32_Y2020_Q4,2020,4,61.325,59.61,Quarter
T33_Y2018_Q2,2018,2,46.215,,Quarter
T33_Y2018_Q3,2018,3,46.9,46.215,Quarter
T33_Y2018_Q4,2018,4,46.4,46.9,Quarter
T33_Y2019_Q1,2019,1,45.4,46.4,Quarter
T33_Y2019_Q2,2019,2,46.08,45.4,Quarter
T33_Y2019_Q3,2019,3,42.37,46.08,Quarter
T33_Y2019_Q4,2019,4,46.37,42.37,Quarter
T33_Y2020_Q1,2020,1,46.94,46.37,Quarter
T33_Y2020_Q2,2020,2,45.75,46.94,Quarter
T33_Y2020_Q3,2020,3,42.23,45.75,Quarter
T33_Y2020_Q4,2020,4,43.035,42.23,Quarter
T34_Y2018_Q2,2018,2,36.88,,Quarter
T34_Y2018_Q3,2018,3,39.4,36.88,Quarter
T34_Y2018_Q4,2018,4,38.43,39.4,Quarter
T34_Y2019_Q1,2019,1,36.415,38.43,Quarter
T34_Y2019_Q2,2019,2,38.86,36.415,Quarter
T34_Y2019_Q3,2019,3,37.215,38.86,Quarter
T34_Y2019_Q4,2019,4,39.695,37.215,Quarter
T34_Y2020_Q1,2020,1,40.705,39.695,Quarter
T34_Y2020_Q2,2020,2,42.2,40.705,Quarter
T34_Y2020_Q3,2020,3,38.36,42.2,Quarter
T34_Y2020_Q4,2020,4,38.815,38.36,Quarter
T35_Y2018_Q2,2018,2,32.23,,Quarter
T35_Y2018_Q3,2018,3,31.94,32.23,Quarter
T35_Y2018_Q4,2018,4,31.45,31.94,Quarter
T35_Y2019_Q1,2019,1,35.0,31.45,Quarter
T35_Y2019_Q2,2019,2,33.269999999999996,35.0,Quarter
T35_Y2019_Q3,2019,3,33.205,33.269999999999996,Quarter
T35_Y2019_Q4,2019,4,32.38,33.205,Quarter
T35_Y2020_Q1,2020,1,33.135,32.38,Quarter
T35_Y2020_Q2,2020,2,33.905,33.135,Quarter
T35_Y2020_Q3,2020,3,31.93,33.905,Quarter
T35_Y2020_Q4,2020,4,33.76,31.93,Quarter
T36_Y2018_Q2,2018,2,41.82,,Quarter
T36_Y2018_Q3,2018,3,41.88,41.82,Quarter
T36_Y2018_Q4,2018,4,41.87,41.88,Quarter
T36_Y2019_Q1,2019,1,44.11,41.87,Quarter
T36_Y2019_Q2,2019,2,39.83,44.11,Quarter
T36_Y2019_Q3,2019,3,41.37,39.83,Quarter
T36_Y2019_Q4,2019,4,42.51,41.37,Quarter
T36_Y2020_Q1,2020,1,42.695,42.51,Quarter
T36_Y2020_Q2,2020,2,40.79,42.695,Quarter
T36_Y2020_Q3,2020,3,41.81,40.79,Quarter
T36_Y2020_Q4,2020,4,40.92,41.81,Quarter
T37_Y2018_Q2,2018,2,47.9,,Quarter
T37_Y2018_Q3,2018,3,46.81,47.9,Quarter
T37_Y2018_Q4,2018,4,46.129999999999995,46.81,Quarter
T37_Y2019_Q1,2019,1,44.235,46.129999999999995,Quarter
T37_Y2019_Q2,2019,2,44.66,44.235,Quarter
T37_Y2019_Q3,2019,3,45.7,44.66,Quarter
T37_Y2019_Q4,2019,4,47.47,45.7,Quarter
T37_Y2020_Q1,2020,1,48.54,47.47,Quarter
T37_Y2020_Q2,2020,2,44.97,48.54,Quarter
T37_Y2020_Q3,2020,3,44.98,44.97,Quarter
T37_Y2020_Q4,2020,4,47.97,44.98,Quarter
T38_Y2018_Q2,2018,2,51.5,,Quarter
T38_Y2018_Q3,2018,3,48.27,51.5,Quarter
T38_Y2018_Q4,2018,4,51.06,48.27,Quarter
T38_Y2019_Q1,2019,1,51.315,51.06,Quarter
T38_Y2019_Q2,2019,2,50.675,51.315,Quarter
T38_Y2019_Q3,2019,3,50.99,50.675,Quarter
T38_Y2019_Q4,2019,4,50.37,50.99,Quarter
T38_Y2020_Q1,2020,1,51.22,50.37,Quarter
T38_Y2020_Q2,2020,2,52.53,51.22,Quarter
T38_Y2020_Q3,2020,3,50.53,52.53,Quarter
T38_Y2020_Q4,2020,4,51.105000000000004,50.53,Quarter
T39_Y2018_Q2,2018,2,32.84,,Quarter
T39_Y2018_Q3,2018,3,34.565,32.84,Quarter
T39_Y2018_Q4,2018,4,32.11,34.565,Quarter
T39_Y2019_Q1,2019,1,33.15,32.11,Quarter
T39_Y2019_Q2,2019,2,33.36,33.15,Quarter
T39_Y2019_Q3,2019,3,34.31,33.36,Quarter
T39_Y2019_Q4,2019,4,34.22,34.31,Quarter
T39_Y2020_Q1,2020,1,34.99,34.22,Quarter
T39_Y2020_Q2,2020,2,33.78,34.99,Quarter
T39_Y2020_Q3,2020,3,35.05,33.78,Quarter
T39_Y2020_Q4,2020,4,36.42,35.05,Quarter
T40_Y2018_Q2,2018,2,48.23,,Quarter
T40_Y2018_Q3,2018,3,53.19,48.23,Quarter
T40_Y2018_Q4,2018,4,53.08,53.19,Quarter
T40_Y2019_Q1,2019,1,53.61,53.08,Quarter
T40_Y2019_Q2,2019,2,53.275,53.61,Quarter
T40_Y2019_Q3,2019,3,48.52,53.275,Quarter
T40_Y2019_Q4,2019,4,49.975,48.52,Quarter
T40_Y2020_Q1,2020,1,53.4,49.975,Quarter
T40_Y2020_Q2,2020,2,48.07,53.4,Quarter
T40_Y2020_Q3,2020,3,49.894999999999996,48.07,Quarter
T40_Y2020_Q4,2020,4,47.75,49.894999999999996,Quarter
T41_Y2018_Q2,2018,2,45.975,,Quarter
T41_Y2018_Q3,2018,3,44.765,45.975,Quarter
T41_Y2018_Q4,2018,4,47.41,44.765,Quarter
T41_Y2019_Q1,2019,1,46.655,47.41,Quarter
T41_Y2019_Q2,2019,2,46.92,46.655,Quarter
T41_Y2019_Q3,2019,3,46.4,46.92,Quarter
T41_Y2019_Q4,2019,4,48.12,46.4,Quarter
T41_Y2020_Q1,2020,1,46.435,48.12,Quarter
T41_Y2020_Q2,2020,2,45.53,46.435,Quarter
T41_Y2020_Q3,2020,3,45.38,45.53,Quarter
T41_Y2020_Q4,2020,4,44.2,45.38,Quarter
T42_Y2018_Q2,2018,2,42.07,,Quarter
T42_Y2018_Q3,2018,3,39.65,42.07,Quarter
T42_Y2018_Q4,2018,4,42.06,39.65,Quarter
T42_Y2019_Q1,2019,1,40.364999999999995,42.06,Quarter
T42_Y2019_Q2,2019,2,39.76,40.364999999999995,Quarter
T42_Y2019_Q3,2019,3,41.254999999999995,39.76,Quarter
T42_Y2019_Q4,2019,4,41.1,41.254999999999995,Quarter
T42_Y2020_Q1,2020,1,40.7,41.1,Quarter
T42_Y2020_Q2,2020,2,40.18,40.7,Quarter
T42_Y2020_Q3,2020,3,39.185,40.18,Quarter
T42_Y2020_Q4,2020,4,41.365,39.185,Quarter
T43_Y2018_Q2,2018,2,34.144999999999996,,Quarter
T43_Y2018_Q3,2018,3,35.974999999999994,34.144999999999996,Quarter
T43_Y2018_Q4,2018,4,35.8,35.974999999999994,Quarter
T43_Y2019_Q1,2019,1,40.07,35.8,Quarter
T43_Y2019_Q2,2019,2,38.88,40.07,Quarter
T43_Y2019_Q3,2019,3,36.16,38.88,Quarter
T43_Y2019_Q4,2019,4,36.44,36.16,Quarter
T43_Y2020_Q1,2020,1,35.545,36.44,Quarter
T43_Y2020_Q2,2020,2,34.620000000000005,35.545,Quarter
T43_Y2020_Q3,2020,3,36.25,34.620000000000005,Quarter
T43_Y2020_Q4,2020,4,34.59,36.25,Quarter
T44_Y2018_Q2,2018,2,42.47,,Quarter
T44_Y2018_Q3,2018,3,45.315,42.47,Quarter
T44_Y2018_Q4,2018,4,44.085,45.315,Quarter
T44_Y2019_Q1,2019,1,44.67,44.085,Quarter
T44_Y2019_Q2,2019,2,44.260000000000005,44.67,Quarter
T44_Y2019_Q3,2019,3,44.18,44.260000000000005,Quarter
T44_Y2019_Q4,2019,4,43.290000000000006,44.18,Quarter
T44_Y2020_Q1,2020,1,44.44,43.290000000000006,Quarter
T44_Y2020_Q2,2020,2,43.02,44.44,Quarter
T44_Y2020_Q3,2020,3,43.5,43.02,Quarter
T44_Y2020_Q4,2020,4,40.015,43.5,Quarter
T45_Y2018_Q2,2018,2,51.9,,Quarter
T45_Y2018_Q3,2018,3,54.2,51.9,Quarter
T45_Y2018_Q4,2018,4,56.41,54.2,Quarter
T45_Y2019_Q1,2019,1,52.12,56.41,Quarter
T45_Y2019_Q2,2019,2,55.46,52.12,Quarter
T45_Y2019_Q3,2019,3,48.94499999999999,55.46,Quarter
T45_Y2019_Q4,2019,4,53.73,48.94499999999999,Quarter
T45_Y2020_Q1,2020,1,50.325,53.73,Quarter
T45_Y2020_Q2,2020,2,52.8,50.325,Quarter
T45_Y2020_Q3,2020,3,52.2,52.8,Quarter
T45_Y2020_Q4,2020,4,47.73,52.2,Quarter
T46_Y2018_Q2,2018,2,51.915,,Quarter
T46_Y2018_Q3,2018,3,54.96,51.915,Quarter
T46_Y2018_Q4,2018,4,54.34,54.96,Quarter
T46_Y2019_Q1,2019,1,55.815,54.34,Quarter
T46_Y2019_Q2,2019,2,58.99,55.815,Quarter
T46_Y2019_Q3,2019,3,53.695,58.99,Quarter
T46_Y2019_Q4,2019,4,54.46,53.695,Quarter
T46_Y2020_Q1,2020,1,51.84,54.46,Quarter
T46_Y2020_Q2,2020,2,52.26,51.84,Quarter
T46_Y2020_Q3,2020,3,57.269999999999996,52.26,Quarter
T46_Y2020_Q4,2020,4,54.635000000000005,57.269999999999996,Quarter
T47_Y2018_Q2,2018,2,42.44,,Quarter
T47_Y2018_Q3,2018,3,42.2,42.44,Quarter
T47_Y2018_Q4,2018,4,42.01,42.2,Quarter
T47_Y2019_Q1,2019,1,39.66,42.01,Quarter
T47_Y2019_Q2,2019,2,44.760000000000005,39.66,Quarter
T47_Y2019_Q3,2019,3,43.82,44.760000000000005,Quarter
T47_Y2019_Q4,2019,4,41.67,43.82,Quarter
T47_Y2020_Q1,2020,1,42.34,41.67,Quarter
T47_Y2020_Q2,2020,2,40.4,42.34,Quarter
T47_Y2020_Q3,2020,3,44.82,40.4,Quarter
T47_Y2020_Q4,2020,4,41.8,44.82,Quarter
T48_Y2018_Q2,2018,2,45.235,,Quarter
T48_Y2018_Q3,2018,3,40.88,45.235,Quarter
T48_Y2018_Q4,2018,4,43.35,40.88,Quarter
T48_Y2019_Q1,2019,1,45.199999999999996,43.35,Quarter
T48_Y2019_Q2,2019,2,43.435,45.199999999999996,Quarter
T48_Y2019_Q3,2019,3,40.400000000000006,43.435,Quarter
T48_Y2019_Q4,2019,4,47.4,40.400000000000006,Quarter
T48_Y2020_Q1,2020,1,47.065,47.4,Quarter
T48_Y2020_Q2,2020,2,45.99,47.065,Quarter
T48_Y2020_Q3,2020,3,46.965,45.99,Quarter
T48_Y2020_Q4,2020,4,43.99,46.965,Quarter
T49_Y2018_Q2,2018,2,57.485,,Quarter
T49_Y2018_Q3,2018,3,57.89,57.485,Quarter
T49_Y2018_Q4,2018,4,53.925,57.89,Quarter
T49_Y2019_Q1,2019,1,52.55,53.925,Quarter
T49_Y2019_Q2,2019,2,56.18,52.55,Quarter
T49_Y2019_Q3,2019,3,55.78,56.18,Quarter
T49_Y2019_Q4,2019,4,58.375,55.78,Quarter
T49_Y2020_Q1,2020,1,57.51,58.375,Quarter
T49_Y2020_Q2,2020,2,54.269999999999996,57.51,Quarter
T49_Y2020_Q3,2020,3,53.48,54.269999999999996,Quarter
T49_Y2020_Q4,2020,4,59.66,53.48,Quarter
T50_Y2018_Q2,2018,2,58.0,,Quarter
T50_Y2018_Q3,2018,3,58.135,58.0,Quarter
T50_Y2018_Q4,2018,4,58.09,58.135,Quarter
T50_Y2019_Q1,2019,1,58.215,58.09,Quarter
T50_Y2019_Q2,2019,2,54.78,58.215,Quarter
T50_Y2019_Q3,2019,3,58.9,54.78,Quarter
T50_Y2019_Q4,2019,4,57.77,58.9,Quarter
T50_Y2020_Q1,2020,1,59.485,57.77,Quarter
T50_Y2020_Q2,2020,2,56.69,59.485,Quarter
T50_Y2020_Q3,2020,3,57.59,56.69,Quarter
T50_Y2020_Q4,2020,4,59.51,57.59,Quarter
T51_Y2018_Q2,2018,2,43.675,,Quarter
T51_Y2018_Q3,2018,3,45.05,43.675,Quarter
T51_Y2018_Q4,2018,4,44.76,45.05,Quarter
T51_Y2019_Q1,2019,1,47.95,44.76,Quarter
T51_Y2019_Q2,2019,2,45.435,47.95,Quarter
T51_Y2019_Q3,2019,3,44.84,45.435,Quarter
T51_Y2019_Q4,2019,4,44.67,44.84,Quarter
T51_Y2020_Q1,2020,1,43.36,44.67,Quarter
T51_Y2020_Q2,2020,2,45.91,43.36,Quarter
T51_Y2020_Q3,2020,3,44.49,45.91,Quarter
T51_Y2020_Q4,2020,4,46.59,44.49,Quarter
T52_Y2018_Q2,2018,2,34.85,,Quarter
T52_Y2018_Q3,2018,3,39.205,34.85,Quarter
T52_Y2018_Q4,2018,4,37.09,39.205,Quarter
T52_Y2019_Q1,2019,1,35.02,37.09,Quarter
T52_Y2019_Q2,2019,2,33.43,35.02,Quarter
T52_Y2019_Q3,2019,3,35.53,33.43,Quarter
T52_Y2019_Q4,2019,4,34.39,35.53,Quarter
T52_Y2020_Q1,2020,1,36.09,34.39,Quarter
T52_Y2020_Q2,2020,2,38.61,36.09,Quarter
T52_Y2020_Q3,2020,3,35.105000000000004,38.61,Quarter
T52_Y2020_Q4,2020,4,33.98,35.105000000000004,Quarter
T53_Y2018_Q2,2018,2,45.48,,Quarter
T53_Y2018_Q3,2018,3,47.18,45.48,Quarter
T53_Y2018_Q4,2018,4,47.435,47.18,Quarter
T53_Y2019_Q1,2019,1,46.7,47.435,Quarter
T53_Y2019_Q2,2019,2,41.49,46.7,Quarter
T53_Y2019_Q3,2019,3,47.620000000000005,41.49,Quarter
T53_Y2019_Q4,2019,4,45.87,47.620000000000005,Quarter
T53_Y2020_Q1,2020,1,47.2,45.87,Quarter
T53_Y2020_Q2,2020,2,49.815,47.2,Quarter
T53_Y2020_Q3,2020,3,43.595,49.815,Quarter
T53_Y2020_Q4,2020,4,46.165,43.595,Quarter
T54_Y2018_Q2,2018,2,52.59,,Quarter
T54_Y2018_Q3,2018,3,47.66,52.59,Quarter
T54_Y2018_Q4,2018,4,51.5,47.66,Quarter
T54_Y2019_Q1,2019,1,49.575,51.5,Quarter
T54_Y2019_Q2,2019,2,45.81,49.575,Quarter
T54_Y2019_Q3,2019,3,48.86,45.81,Quarter
T54_Y2019_Q4,2019,4,48.6,48.86,Quarter
T54_Y2020_Q1,2020,1,52.31,48.6,Quarter
T54_Y2020_Q2,2020,2,43.19,52.31,Quarter
T54_Y2020_Q3,2020,3,43.95,43.19,Quarter
T54_Y2020_Q4,2020,4,48.79,43.95,Quarter
T55_Y2018_Q2,2018,2,40.725,,Quarter
T55_Y2018_Q3,2018,3,43.9,40.725,Quarter
T55_Y2018_Q4,2018,4,43.644999999999996,43.9,Quarter
T55_Y2019_Q1,2019,1,45.769999999999996,43.644999999999996,Quarter
T55_Y2019_Q2,2019,2,46.775000000000006,45.769999999999996,Quarter
T55_Y2019_Q3,2019,3,48.85,46.775000000000006,Quarter
T55_Y2019_Q4,2019,4,48.35,48.85,Quarter
T55_Y2020_Q1,2020,1,45.635000000000005,48.35,Quarter
T55_Y2020_Q2,2020,2,49.72,45.635000000000005,Quarter
T55_Y2020_Q3,2020,3,41.51,49.72,Quarter
T55_Y2020_Q4,2020,4,45.94,41.51,Quarter
T56_Y2018_Q2,2018,2,40.09,,Quarter
T56_Y2018_Q3,2018,3,35.675,40.09,Quarter
T56_Y2018_Q4,2018,4,38.71,35.675,Quarter
T56_Y2019_Q1,2019,1,34.34,38.71,Quarter
T56_Y2019_Q2,2019,2,35.995000000000005,34.34,Quarter
T56_Y2019_Q3,2019,3,33.765,35.995000000000005,Quarter
T56_Y2019_Q4,2019,4,35.62,33.765,Quarter
T56_Y2020_Q1,2020,1,34.07,35.62,Quarter
T56_Y2020_Q2,2020,2,38.0,34.07,Quarter
T56_Y2020_Q3,2020,3,36.45,38.0,Quarter
T56_Y2020_Q4,2020,4,37.65,36.45,Quarter
T57_Y2018_Q2,2018,2,51.41,,Quarter
T57_Y2018_Q3,2018,3,55.7,51.41,Quarter
T57_Y2018_Q4,2018,4,52.2,55.7,Quarter
T57_Y2019_Q1,2019,1,54.87,52.2,Quarter
T57_Y2019_Q2,2019,2,52.155,54.87,Quarter
T57_Y2019_Q3,2019,3,52.775,52.155,Quarter
T57_Y2019_Q4,2019,4,54.5,52.775,Quarter
T57_Y2020_Q1,2020,1,55.64,54.5,Quarter
T57_Y2020_Q2,2020,2,52.475,55.64,Quarter
T57_Y2020_Q3,2020,3,55.95,52.475,Quarter
T57_Y2020_Q4,2020,4,52.31,55.95,Quarter
T58_Y2018_Q2,2018,2,43.595,,Quarter
T58_Y2018_Q3,2018,3,40.32,43.595,Quarter
T58_Y2018_Q4,2018,4,41.675,40.32,Quarter
T58_Y2019_Q1,2019,1,43.51,41.675,Quarter
T58_Y2019_Q2,2019,2,41.435,43.51,Quarter
T58_Y2019_Q3,2019,3,42.69,41.435,Quarter
T58_Y2019_Q4,2019,4,42.37,42.69,Quarter
T58_Y2020_Q1,2020,1,42.705,42.37,Quarter
T58_Y2020_Q2,2020,2,45.21,42.705,Quarter
T58_Y2020_Q3,2020,3,44.63,45.21,Quarter
T58_Y2020_Q4,2020,4,45.21,44.63,Quarter
T59_Y2018_Q2,2018,2,53.99,,Quarter
T59_Y2018_Q3,2018,3,53.89,53.99,Quarter
T59_Y2018_Q4,2018,4,58.13,53.89,Quarter
T59_Y2019_Q1,2019,1,55.24,58.13,Quarter
T59_Y2019_Q2,2019,2,54.57,55.24,Quarter
T59_Y2019_Q3,2019,3,53.65,54.57,Quarter
T59_Y2019_Q4,2019,4,54.480000000000004,53.65,Quarter
T59_Y2020_Q1,2020,1,53.77,54.480000000000004,Quarter
T59_Y2020_Q2,2020,2,53.41,53.77,Quarter
T59_Y2020_Q3,2020,3,52.144999999999996,53.41,Quarter
T59_Y2020_Q4,2020,4,56.2,52.144999999999996,Quarter
T60_Y2018_Q2,2018,2,54.765,,Quarter
T60_Y2018_Q3,2018,3,59.985,54.765,Quarter
T60_Y2018_Q4,2018,4,53.65,59.985,Quarter
T60_Y2019_Q1,2019,1,57.695,53.65,Quarter
T60_Y2019_Q2,2019,2,55.644999999999996,57.695,Quarter
T60_Y2019_Q3,2019,3,56.27,55.644999999999996,Quarter
T60_Y2019_Q4,2019,4,55.89,56.27,Quarter
T60_Y2020_Q1,2020,1,64.685,55.89,Quarter
T60_Y2020_Q2,2020,2,55.19,64.685,Quarter
T60_Y2020_Q3,2020,3,57.650000000000006,55.19,Quarter
T60_Y2020_Q4,2020,4,58.18,57.650000000000006,Quarter
T61_Y2018_Q2,2018,2,32.709999999999994,,Quarter
T61_Y2018_Q3,2018,3,31.935000000000002,32.709999999999994,Quarter
T61_Y2018_Q4,2018,4,30.68,31.935000000000002,Quarter
T61_Y2019_Q1,2019,1,32.67,30.68,Quarter
T61_Y2019_Q2,2019,2,33.489999999999995,32.67,Quarter
T61_Y2019_Q3,2019,3,32.17,33.489999999999995,Quarter
T61_Y2019_Q4,2019,4,32.92,32.17,Quarter
T61_Y2020_Q1,2020,1,36.045,32.92,Quarter
T61_Y2020_Q2,2020,2,33.92,36.045,Quarter
T61_Y2020_Q3,2020,3,32.39,33.92,Quarter
T61_Y2020_Q4,2020,4,33.99,32.39,Quarter
T62_Y2018_Q2,2018,2,51.43,,Quarter
T62_Y2018_Q3,2018,3,55.22,51.43,Quarter
T62_Y2018_Q4,2018,4,53.11,55.22,Quarter
T62_Y2019_Q1,2019,1,50.61,53.11,Quarter
T62_Y2019_Q2,2019,2,50.825,50.61,Quarter
T62_Y2019_Q3,2019,3,51.25,50.825,Quarter
T62_Y2019_Q4,2019,4,49.24,51.25,Quarter
T62_Y2020_Q1,2020,1,54.295,49.24,Quarter
T62_Y2020_Q2,2020,2,48.36,54.295,Quarter
T62_Y2020_Q3,2020,3,50.475,48.36,Quarter
T62_Y2020_Q4,2020,4,49.0,50.475,Quarter
T63_Y2018_Q2,2018,2,58.0,,Quarter
T63_Y2018_Q3,2018,3,55.02,58.0,Quarter
T63_Y2018_Q4,2018,4,56.58,55.02,Quarter
T63_Y2019_Q1,2019,1,54.71,56.58,Quarter
T63_Y2019_Q2,2019,2,55.31,54.71,Quarter
T63_Y2019_Q3,2019,3,57.355000000000004,55.31,Quarter
T63_Y2019_Q4,2019,4,55.97,57.355000000000004,Quarter
T63_Y2020_Q1,2020,1,56.230000000000004,55.97,Quarter
T63_Y2020_Q2,2020,2,57.6,56.230000000000004,Quarter
T63_Y2020_Q3,2020,3,57.05,57.6,Quarter
T63_Y2020_Q4,2020,4,56.81,57.05,Quarter
T64_Y2018_Q2,2018,2,33.22,,Quarter
T64_Y2018_Q3,2018,3,32.765,33.22,Quarter
T64_Y2018_Q4,2018,4,33.585,32.765,Quarter
T64_Y2019_Q1,2019,1,34.95,33.585,Quarter
T64_Y2019_Q2,2019,2,33.504999999999995,34.95,Quarter
T64_Y2019_Q3,2019,3,33.16,33.504999999999995,Quarter
T64_Y2019_Q4,2019,4,35.44,33.16,Quarter
T64_Y2020_Q1,2020,1,34.260000000000005,35.44,Quarter
T64_Y2020_Q2,2020,2,33.44,34.260000000000005,Quarter
T64_Y2020_Q3,2020,3,32.09,33.44,Quarter
T64_Y2020_Q4,2020,4,32.08,32.09,Quarter
T65_Y2018_Q2,2018,2,51.23,,Quarter
T65_Y2018_Q3,2018,3,51.89,51.23,Quarter
T65_Y2018_Q4,2018,4,52.769999999999996,51.89,Quarter
T65_Y2019_Q1,2019,1,53.05,52.769999999999996,Quarter
T65_Y2019_Q2,2019,2,49.59,53.05,Quarter
T65_Y2019_Q3,2019,3,55.555,49.59,Quarter
T65_Y2019_Q4,2019,4,53.55,55.555,Quarter
T65_Y2020_Q1,2020,1,54.1,53.55,Quarter
T65_Y2020_Q2,2020,2,54.165,54.1,Quarter
T65_Y2020_Q3,2020,3,54.97,54.165,Quarter
T65_Y2020_Q4,2020,4,52.004999999999995,54.97,Quarter
T66_Y2018_Q2,2018,2,43.24,,Quarter
T66_Y2018_Q3,2018,3,41.05,43.24,Quarter
T66_Y2018_Q4,2018,4,42.97,41.05,Quarter
T66_Y2019_Q1,2019,1,44.49,42.97,Quarter
T66_Y2019_Q2,2019,2,46.775,44.49,Quarter
T66_Y2019_Q3,2019,3,47.48,46.775,Quarter
T66_Y2019_Q4,2019,4,43.84,47.48,Quarter
T66_Y2020_Q1,2020,1,47.93,43.84,Quarter
T66_Y2020_Q2,2020,2,44.41,47.93,Quarter
T66_Y2020_Q3,2020,3,43.075,44.41,Quarter
T66_Y2020_Q4,2020,4,42.32,43.075,Quarter
T67_Y2018_Q2,2018,2,43.394999999999996,,Quarter
T67_Y2018_Q3,2018,3,42.91,43.394999999999996,Quarter
T67_Y2018_Q4,2018,4,44.67,42.91,Quarter
T67_Y2019_Q1,2019,1,43.065,44.67,Quarter
T67_Y2019_Q2,2019,2,43.51,43.065,Quarter
T67_Y2019_Q3,2019,3,44.74,43.51,Quarter
T67_Y2019_Q4,2019,4,44.84,44.74,Quarter
T67_Y2020_Q1,2020,1,44.47,44.84,Quarter
T67_Y2020_Q2,2020,2,44.745,44.47,Quarter
T67_Y2020_Q3,2020,3,41.09,44.745,Quarter
T67_Y2020_Q4,2020,4,43.47,41.09,Quarter
T68_Y2018_Q2,2018,2,45.27,,Quarter
T68_Y2018_Q3,2018,3,42.57,45.27,Quarter
T68_Y2018_Q4,2018,4,41.07,42.57,Quarter
T68_Y2019_Q1,2019,1,39.790000000000006,41.07,Quarter
T68_Y2019_Q2,2019,2,44.34,39.790000000000006,Quarter
T68_Y2019_Q3,2019,3,41.745000000000005,44.34,Quarter
T68_Y2019_Q4,2019,4,42.01,41.745000000000005,Quarter
T68_Y2020_Q1,2020,1,44.44,42.01,Quarter
T68_Y2020_Q2,2020,2,42.65,44.44,Quarter
T68_Y2020_Q3,2020,3,44.105000000000004,42.65,Quarter
T68_Y2020_Q4,2020,4,43.88,44.105000000000004,Quarter
T69_Y2018_Q2,2018,2,39.1,,Quarter
T69_Y2018_Q3,2018,3,38.730000000000004,39.1,Quarter
T69_Y2018_Q4,2018,4,40.845,38.730000000000004,Quarter
T69_Y2019_Q1,2019,1,40.765,40.845,Quarter
T69_Y2019_Q2,2019,2,39.835,40.765,Quarter
T69_Y2019_Q3,2019,3,38.69,39.835,Quarter
T69_Y2019_Q4,2019,4,37.93,38.69,Quarter
T69_Y2020_Q1,2020,1,39.13,37.93,Quarter
T69_Y2020_Q2,2020,2,39.3,39.13,Quarter
T69_Y2020_Q3,2020,3,36.99,39.3,Quarter
T69_Y2020_Q4,2020,4,41.2,36.99,Quarter
T70_Y2018_Q2,2018,2,47.415,,Quarter
T70_Y2018_Q3,2018,3,47.815,47.415,Quarter
T70_Y2018_Q4,2018,4,47.855000000000004,47.815,Quarter
T70_Y2019_Q1,2019,1,47.19,47.855000000000004,Quarter
T70_Y2019_Q2,2019,2,48.575,47.19,Quarter
T70_Y2019_Q3,2019,3,49.2,48.575,Quarter
T70_Y2019_Q4,2019,4,47.76,49.2,Quarter
T70_Y2020_Q1,2020,1,46.99,47.76,Quarter
T70_Y2020_Q2,2020,2,45.46,46.99,Quarter
T70_Y2020_Q3,2020,3,47.85,45.46,Quarter
T70_Y2020_Q4,2020,4,49.25,47.85,Quarter
T71_Y2018_Q2,2018,2,36.82,,Quarter
T71_Y2018_Q3,2018,3,34.93,36.82,Quarter
T71_Y2018_Q4,2018,4,37.565,34.93,Quarter
T71_Y2019_Q1,2019,1,38.83,37.565,Quarter
T71_Y2019_Q2,2019,2,40.11,38.83,Quarter
T71_Y2019_Q3,2019,3,37.355000000000004,40.11,Quarter
T71_Y2019_Q4,2019,4,35.16,37.355000000000004,Quarter
T71_Y2020_Q1,2020,1,38.9,35.16,Quarter
T71_Y2020_Q2,2020,2,34.89,38.9,Quarter
T71_Y2020_Q3,2020,3,37.43,34.89,Quarter
T71_Y2020_Q4,2020,4,40.4,37.43,Quarter
T72_Y2018_Q2,2018,2,46.760000000000005,,Quarter
T72_Y2018_Q3,2018,3,45.375,46.760000000000005,Quarter
T72_Y2018_Q4,2018,4,47.17,45.375,Quarter
T72_Y2019_Q1,2019,1,44.445,47.17,Quarter
T72_Y2019_Q2,2019,2,46.120000000000005,44.445,Quarter
T72_Y2019_Q3,2019,3,47.96,46.120000000000005,Quarter
T72_Y2019_Q4,2019,4,46.99,47.96,Quarter
T72_Y2020_Q1,2020,1,47.99,46.99,Quarter
T72_Y2020_Q2,2020,2,49.92,47.99,Quarter
T72_Y2020_Q3,2020,3,44.73,49.92,Quarter
T72_Y2020_Q4,2020,4,45.305,44.73,Quarter
T73_Y2018_Q2,2018,2,45.185,,Quarter
T73_Y2018_Q3,2018,3,49.22,45.185,Quarter
T73_Y2018_Q4,2018,4,44.18,49.22,Quarter
T73_Y2019_Q1,2019,1,49.519999999999996,44.18,Quarter
T73_Y2019_Q2,2019,2,49.739999999999995,49.519999999999996,Quarter
T73_Y2019_Q3,2019,3,46.64,49.739999999999995,Quarter
T73_Y2019_Q4,2019,4,48.3,46.64,Quarter
T73_Y2020_Q1,2020,1,49.379999999999995,48.3,Quarter
T73_Y2020_Q2,2020,2,44.075,49.379999999999995,Quarter
T73_Y2020_Q3,2020,3,48.175,44.075,Quarter
T73_Y2020_Q4,2020,4,46.105000000000004,48.175,Quarter
T74_Y2018_Q2,2018,2,48.004999999999995,,Quarter
T74_Y2018_Q3,2018,3,45.38,48.004999999999995,Quarter
T74_Y2018_Q4,2018,4,45.51,45.38,Quarter
T74_Y2019_Q1,2019,1,44.76,45.51,Quarter
T74_Y2019_Q2,2019,2,40.91,44.76,Quarter
T74_Y2019_Q3,2019,3,44.765,40.91,Quarter
T74_Y2019_Q4,2019,4,46.1,44.765,Quarter
T74_Y2020_Q1,2020,1,45.41,46.1,Quarter
T74_Y2020_Q2,2020,2,42.83,45.41,Quarter
T74_Y2020_Q3,2020,3,45.68,42.83,Quarter
T74_Y2020_Q4,2020,4,46.17,45.68,Quarter
T75_Y2018_Q2,2018,2,55.18000000000001,,Quarter
T75_Y2018_Q3,2018,3,54.82,55.18000000000001,Quarter
T75_Y2018_Q4,2018,4,48.34,54.82,Quarter
T75_Y2019_Q1,2019,1,54.49,48.34,Quarter
T75_Y2019_Q2,2019,2,52.28,54.49,Quarter
T75_Y2019_Q3,2019,3,59.47,52.28,Quarter
T75_Y2019_Q4,2019,4,51.865,59.47,Quarter
T75_Y2020_Q1,2020,1,53.91,51.865,Quarter
T75_Y2020_Q2,2020,2,60.12,53.91,Quarter
T75_Y2020_Q3,2020,3,56.945,60.12,Quarter
T75_Y2020_Q4,2020,4,51.4,56.945,Quarter
T76_Y2018_Q2,2018,2,51.5,,Quarter
T76_Y2018_Q3,2018,3,51.24,51.5,Quarter
T76_Y2018_Q4,2018,4,50.875,51.24,Quarter
T76_Y2019_Q1,2019,1,50.02,50.875,Quarter
T76_Y2019_Q2,2019,2,52.61,50.02,Quarter
T76_Y2019_Q3,2019,3,49.315,52.61,Quarter
T76_Y2019_Q4,2019,4,52.28,49.315,Quarter
T76_Y2020_Q1,2020,1,49.79,52.28,Quarter
T76_Y2020_Q2,2020,2,48.68,49.79,Quarter
T76_Y2020_Q3,2020,3,47.94,48.68,Quarter
T76_Y2020_Q4,2020,4,49.63,47.94,Quarter
T77_Y2018_Q2,2018,2,49.295,,Quarter
T77_Y2018_Q3,2018,3,49.83,49.295,Quarter
T77_Y2018_Q4,2018,4,52.545,49.83,Quarter
T77_Y2019_Q1,2019,1,48.055,52.545,Quarter
T77_Y2019_Q2,2019,2,47.195,48.055,Quarter
T77_Y2019_Q3,2019,3,55.13,47.195,Quarter
T77_Y2019_Q4,2019,4,49.2,55.13,Quarter
T77_Y2020_Q1,2020,1,52.11,49.2,Quarter
T77_Y2020_Q2,2020,2,49.91,52.11,Quarter
T77_Y2020_Q3,2020,3,53.27,49.91,Quarter
T77_Y2020_Q4,2020,4,51.67,53.27,Quarter
T78_Y2018_Q2,2018,2,48.67,,Quarter
T78_Y2018_Q3,2018,3,48.71,48.67,Quarter
T78_Y2018_Q4,2018,4,50.125,48.71,Quarter
T78_Y2019_Q1,2019,1,46.35,50.125,Quarter
T78_Y2019_Q2,2019,2,45.81,46.35,Quarter
T78_Y2019_Q3,2019,3,49.985,45.81,Quarter
T78_Y2019_Q4,2019,4,44.25,49.985,Quarter
T78_Y2020_Q1,2020,1,45.01,44.25,Quarter
T78_Y2020_Q2,2020,2,46.75,45.01,Quarter
T78_Y2020_Q3,2020,3,48.285,46.75,Quarter
T78_Y2020_Q4,2020,4,47.205,48.285,Quarter
T79_Y2018_Q2,2018,2,40.44499999999999,,Quarter
T79_Y2018_Q3,2018,3,41.69,40.44499999999999,Quarter
T79_Y2018_Q4,2018,4,41.69,41.69,Quarter
T79_Y2019_Q1,2019,1,40.474999999999994,41.69,Quarter
T79_Y2019_Q2,2019,2,40.95,40.474999999999994,Quarter
T79_Y2019_Q3,2019,3,40.6,40.95,Quarter
T79_Y2019_Q4,2019,4,40.46,40.6,Quarter
T79_Y2020_Q1,2020,1,40.55,40.46,Quarter
T79_Y2020_Q2,2020,2,40.61,40.55,Quarter
T79_Y2020_Q3,2020,3,41.185,40.61,Quarter
T79_Y2020_Q4,2020,4,41.69,41.185,Quarter
T80_Y2018_Q2,2018,2,53.84,,Quarter
T80_Y2018_Q3,2018,3,51.35,53.84,Quarter
T80_Y2018_Q4,2018,4,51.83,51.35,Quarter
T80_Y2019_Q1,2019,1,51.57,51.83,Quarter
T80_Y2019_Q2,2019,2,50.37,51.57,Quarter
T80_Y2019_Q3,2019,3,53.425,50.37,Quarter
T80_Y2019_Q4,2019,4,50.12,53.425,Quarter
T80_Y2020_Q1,2020,1,51.24,50.12,Quarter
T80_Y2020_Q2,2020,2,50.03,51.24,Quarter
T80_Y2020_Q3,2020,3,49.7,50.03,Quarter
T80_Y2020_Q4,2020,4,51.035,49.7,Quarter
T81_Y2018_Q2,2018,2,41.33,,Quarter
T81_Y2018_Q3,2018,3,39.67,41.33,Quarter
T81_Y2018_Q4,2018,4,44.21,39.67,Quarter
T81_Y2019_Q1,2019,1,40.42,44.21,Quarter
T81_Y2019_Q2,2019,2,39.93,40.42,Quarter
T81_Y2019_Q3,2019,3,43.405,39.93,Quarter
T81_Y2019_Q4,2019,4,43.78,43.405,Quarter
T81_Y2020_Q1,2020,1,43.89,43.78,Quarter
T81_Y2020_Q2,2020,2,39.41,43.89,Quarter
T81_Y2020_Q3,2020,3,44.45,39.41,Quarter
T81_Y2020_Q4,2020,4,41.41,44.45,Quarter
T82_Y2018_Q2,2018,2,44.915,,Quarter
T82_Y2018_Q3,2018,3,42.01,44.915,Quarter
T82_Y2018_Q4,2018,4,43.625,42.01,Quarter
T82_Y2019_Q1,2019,1,43.88,43.625,Quarter
T82_Y2019_Q2,2019,2,48.17,43.88,Quarter
T82_Y2019_Q3,2019,3,39.61,48.17,Quarter
T82_Y2019_Q4,2019,4,40.71,39.61,Quarter
T82_Y2020_Q1,2020,1,44.4,40.71,Quarter
T82_Y2020_Q2,2020,2,42.91,44.4,Quarter
T82_Y2020_Q3,2020,3,44.52,42.91,Quarter
T82_Y2020_Q4,2020,4,46.54,44.52,Quarter
T83_Y2018_Q2,2018,2,48.97,,Quarter
T83_Y2018_Q3,2018,3,46.735,48.97,Quarter
T83_Y2018_Q4,2018,4,47.7,46.735,Quarter
T83_Y2019_Q1,2019,1,44.27,47.7,Quarter
T83_Y2019_Q2,2019,2,45.790000000000006,44.27,Quarter
T83_Y2019_Q3,2019,3,43.769999999999996,45.790000000000006,Quarter
T83_Y2019_Q4,2019,4,45.125,43.769999999999996,Quarter
T83_Y2020_Q1,2020,1,43.24,45.125,Quarter
T83_Y2020_Q2,2020,2,44.56,43.24,Quarter
T83_Y2020_Q3,2020,3,45.59,44.56,Quarter
T83_Y2020_Q4,2020,4,47.33,45.59,Quarter
T84_Y2018_Q2,2018,2,50.875,,Quarter
T84_Y2018_Q3,2018,3,50.9,50.875,Quarter
T84_Y2018_Q4,2018,4,45.4,50.9,Quarter
T84_Y2019_Q1,2019,1,45.96,45.4,Quarter
T84_Y2019_Q2,2019,2,47.405,45.96,Quarter
T84_Y2019_Q3,2019,3,46.9,47.405,Quarter
T84_Y2019_Q4,2019,4,49.43000000000001,46.9,Quarter
T84_Y2020_Q1,2020,1,47.715,49.43000000000001,Quarter
T84_Y2020_Q2,2020,2,53.41,47.715,Quarter
T84_Y2020_Q3,2020,3,49.38,53.41,Quarter
T84_Y2020_Q4,2020,4,43.83,49.38,Quarter
T85_Y2018_Q2,2018,2,43.435,,Quarter
T85_Y2018_Q3,2018,3,41.55,43.435,Quarter
T85_Y2018_Q4,2018,4,46.515,41.55,Quarter
T85_Y2019_Q1,2019,1,42.84,46.515,Quarter
T85_Y2019_Q2,2019,2,40.62,42.84,Quarter
T85_Y2019_Q3,2019,3,42.94,40.62,Quarter
T85_Y2019_Q4,2019,4,42.4,42.94,Quarter
T85_Y2020_Q1,2020,1,43.045,42.4,Quarter
T85_Y2020_Q2,2020,2,42.865,43.045,Quarter
T85_Y2020_Q3,2020,3,44.364999999999995,42.865,Quarter
T85_Y2020_Q4,2020,4,44.465,44.364999999999995,Quarter
T86_Y2018_Q2,2018,2,42.64,,Quarter
T86_Y2018_Q3,2018,3,41.1,42.64,Quarter
T86_Y2018_Q4,2018,4,39.41,41.1,Quarter
T86_Y2019_Q1,2019,1,42.785,39.41,Quarter
T86_Y2019_Q2,2019,2,40.825,42.785,Quarter
T86_Y2019_Q3,2019,3,39.66,40.825,Quarter
T86_Y2019_Q4,2019,4,40.474999999999994,39.66,Quarter
T86_Y2020_Q1,2020,1,41.19,40.474999999999994,Quarter
T86_Y2020_Q2,2020,2,40.79,41.19,Quarter
T86_Y2020_Q3,2020,3,39.09,40.79,Quarter
T86_Y2020_Q4,2020,4,39.315,39.09,Quarter
T87_Y2018_Q2,2018,2,58.11,,Quarter
T87_Y2018_Q3,2018,3,54.66,58.11,Quarter
T87_Y2018_Q4,2018,4,52.875,54.66,Quarter
T87_Y2019_Q1,2019,1,55.12,52.875,Quarter
T87_Y2019_Q2,2019,2,56.57,55.12,Quarter
T87_Y2019_Q3,2019,3,56.175,56.57,Quarter
T87_Y2019_Q4,2019,4,57.295,56.175,Quarter
T87_Y2020_Q1,2020,1,56.7,57.295,Quarter
T87_Y2020_Q2,2020,2,55.06,56.7,Quarter
T87_Y2020_Q3,2020,3,58.36,55.06,Quarter
T87_Y2020_Q4,2020,4,53.615,58.36,Quarter
T88_Y2018_Q2,2018,2,48.07,,Quarter
T88_Y2018_Q3,2018,3,48.34,48.07,Quarter
T88_Y2018_Q4,2018,4,45.41,48.34,Quarter
T88_Y2019_Q1,2019,1,44.83,45.41,Quarter
T88_Y2019_Q2,2019,2,49.04,44.83,Quarter
T88_Y2019_Q3,2019,3,45.68,49.04,Quarter
T88_Y2019_Q4,2019,4,47.435,45.68,Quarter
T88_Y2020_Q1,2020,1,47.5,47.435,Quarter
T88_Y2020_Q2,2020,2,47.47,47.5,Quarter
T88_Y2020_Q3,2020,3,45.760000000000005,47.47,Quarter
T88_Y2020_Q4,2020,4,46.12,45.760000000000005,Quarter
T89_Y2018_Q2,2018,2,48.615,,Quarter
T89_Y2018_Q3,2018,3,48.730000000000004,48.615,Quarter
T89_Y2018_Q4,2018,4,50.43,48.730000000000004,Quarter
T89_Y2019_Q1,2019,1,48.24,50.43,Quarter
T89_Y2019_Q2,2019,2,49.95,48.24,Quarter
T89_Y2019_Q3,2019,3,48.12,49.95,Quarter
T89_Y2019_Q4,2019,4,47.825,48.12,Quarter
T89_Y2020_Q1,2020,1,46.5,47.825,Quarter
T89_Y2020_Q2,2020,2,47.155,46.5,Quarter
T89_Y2020_Q3,2020,3,44.459999999999994,47.155,Quarter
T89_Y2020_Q4,2020,4,47.92,44.459999999999994,Quarter
T90_Y2018_Q2,2018,2,46.775000000000006,,Quarter
T90_Y2018_Q3,2018,3,48.97,46.775000000000006,Quarter
T90_Y2018_Q4,2018,4,44.28,48.97,Quarter
T90_Y2019_Q1,2019,1,45.935,44.28,Quarter
T90_Y2019_Q2,2019,2,46.73,45.935,Quarter
T90_Y2019_Q3,2019,3,46.08,46.73,Quarter
T90_Y2019_Q4,2019,4,42.97,46.08,Quarter
T90_Y2020_Q1,2020,1,45.28,42.97,Quarter
T90_Y2020_Q2,2020,2,46.94,45.28,Quarter
T90_Y2020_Q3,2020,3,45.695,46.94,Quarter
T90_Y2020_Q4,2020,4,43.0,45.695,Quarter
T91_Y2018_Q2,2018,2,57.135,,Quarter
T91_Y2018_Q3,2018,3,54.9,57.135,Quarter
T91_Y2018_Q4,2018,4,57.695,54.9,Quarter
T91_Y2019_Q1,2019,1,56.5,57.695,Quarter
T91_Y2019_Q2,2019,2,56.57,56.5,Quarter
T91_Y2019_Q3,2019,3,58.49,56.57,Quarter
T91_Y2019_Q4,2019,4,58.55,58.49,Quarter
T91_Y2020_Q1,2020,1,56.845,58.55,Quarter
T91_Y2020_Q2,2020,2,56.75,56.845,Quarter
T91_Y2020_Q3,2020,3,58.375,56.75,Quarter
T91_Y2020_Q4,2020,4,54.99,58.375,Quarter
T92_Y2018_Q2,2018,2,39.004999999999995,,Quarter
T92_Y2018_Q3,2018,3,36.53,39.004999999999995,Quarter
T92_Y2018_Q4,2018,4,41.18,36.53,Quarter
T92_Y2019_Q1,2019,1,39.86,41.18,Quarter
T92_Y2019_Q2,2019,2,38.31,39.86,Quarter
T92_Y2019_Q3,2019,3,38.925,38.31,Quarter
T92_Y2019_Q4,2019,4,38.35,38.925,Quarter
T92_Y2020_Q1,2020,1,38.975,38.35,Quarter
T92_Y2020_Q2,2020,2,38.56,38.975,Quarter
T92_Y2020_Q3,2020,3,38.165,38.56,Quarter
T92_Y2020_Q4,2020,4,36.9,38.165,Quarter
T93_Y2018_Q2,2018,2,43.02,,Quarter
T93_Y2018_Q3,2018,3,44.27,43.02,Quarter
T93_Y2018_Q4,2018,4,45.97,44.27,Quarter
T93_Y2019_Q1,2019,1,42.015,45.97,Quarter
T93_Y2019_Q2,2019,2,45.53,42.015,Quarter
T93_Y2019_Q3,2019,3,41.77,45.53,Quarter
T93_Y2019_Q4,2019,4,39.68,41.77,Quarter
T93_Y2020_Q1,2020,1,43.885000000000005,39.68,Quarter
T93_Y2020_Q2,2020,2,42.04,43.885000000000005,Quarter
T93_Y2020_Q3,2020,3,42.08,42.04,Quarter
T93_Y2020_Q4,2020,4,42.065,42.08,Quarter
T94_Y2018_Q2,2018,2,45.39,,Quarter
T94_Y2018_Q3,2018,3,46.41,45.39,Quarter
T94_Y2018_Q4,2018,4,47.79,46.41,Quarter
T94_Y2019_Q1,2019,1,45.15,47.79,Quarter
T94_Y2019_Q2,2019,2,44.98,45.15,Quarter
T94_Y2019_Q3,2019,3,45.485,44.98,Quarter
T94_Y2019_Q4,2019,4,45.51,45.485,Quarter
T94_Y2020_Q1,2020,1,46.21,45.51,Quarter
T94_Y2020_Q2,2020,2,47.385000000000005,46.21,Quarter
T94_Y2020_Q3,2020,3,50.29,47.385000000000005,Quarter
T94_Y2020_Q4,2020,4,46.785,50.29,Quarter
T95_Y2018_Q2,2018,2,38.09,,Quarter
T95_Y2018_Q3,2018,3,37.69,38.09,Quarter
T95_Y2018_Q4,2018,4,43.495000000000005,37.69,Quarter
T95_Y2019_Q1,2019,1,41.295,43.495000000000005,Quarter
T95_Y2019_Q2,2019,2,40.144999999999996,41.295,Quarter
T95_Y2019_Q3,2019,3,43.285,40.144999999999996,Quarter
T95_Y2019_Q4,2019,4,40.415,43.285,Quarter
T95_Y2020_Q1,2020,1,40.69,40.415,Quarter
T95_Y2020_Q2,2020,2,47.05,40.69,Quarter
T95_Y2020_Q3,2020,3,42.39,47.05,Quarter
T95_Y2020_Q4,2020,4,41.305,42.39,Quarter
T96_Y2018_Q2,2018,2,32.55,,Quarter
T96_Y2018_Q3,2018,3,32.55,32.55,Quarter
T96_Y2018_Q4,2018,4,33.85,32.55,Quarter
T96_Y2019_Q1,2019,1,32.870000000000005,33.85,Quarter
T96_Y2019_Q2,2019,2,33.195,32.870000000000005,Quarter
T96_Y2019_Q3,2019,3,32.125,33.195,Quarter
T96_Y2019_Q4,2019,4,32.99,32.125,Quarter
T96_Y2020_Q1,2020,1,33.51,32.99,Quarter
T96_Y2020_Q2,2020,2,34.25,33.51,Quarter
T96_Y2020_Q3,2020,3,31.225,34.25,Quarter
T96_Y2020_Q4,2020,4,32.5,31.225,Quarter
T97_Y2018_Q2,2018,2,46.879999999999995,,Quarter
T97_Y2018_Q3,2018,3,46.09,46.879999999999995,Quarter
T97_Y2018_Q4,2018,4,45.68,46.09,Quarter
T97_Y2019_Q1,2019,1,47.93,45.68,Quarter
T97_Y2019_Q2,2019,2,46.48,47.93,Quarter
T97_Y2019_Q3,2019,3,49.965,46.48,Quarter
T97_Y2019_Q4,2019,4,48.07,49.965,Quarter
T97_Y2020_Q1,2020,1,44.87,48.07,Quarter
T97_Y2020_Q2,2020,2,48.68,44.87,Quarter
T97_Y2020_Q3,2020,3,47.56,48.68,Quarter
T97_Y2020_Q4,2020,4,46.65,47.56,Quarter
T98_Y2018_Q2,2018,2,40.015,,Quarter
T98_Y2018_Q3,2018,3,34.96,40.015,Quarter
T98_Y2018_Q4,2018,4,41.17,34.96,Quarter
T98_Y2019_Q1,2019,1,32.78,41.17,Quarter
T98_Y2019_Q2,2019,2,37.775,32.78,Quarter
T98_Y2019_Q3,2019,3,36.34,37.775,Quarter
T98_Y2019_Q4,2019,4,41.83,36.34,Quarter
T98_Y2020_Q1,2020,1,34.86,41.83,Quarter
T98_Y2020_Q2,2020,2,41.54,34.86,Quarter
T98_Y2020_Q3,2020,3,38.475,41.54,Quarter
T98_Y2020_Q4,2020,4,37.92,38.475,Quarter
T99_Y2018_Q2,2018,2,55.81,,Quarter
T99_Y2018_Q3,2018,3,54.82,55.81,Quarter
T99_Y2018_Q4,2018,4,53.515,54.82,Quarter
T99_Y2019_Q1,2019,1,51.92,53.515,Quarter
T99_Y2019_Q2,2019,2,57.32,51.92,Quarter
T99_Y2019_Q3,2019,3,56.375,57.32,Quarter
T99_Y2019_Q4,2019,4,56.66,56.375,Quarter
T99_Y2020_Q1,2020,1,51.705,56.66,Quarter
T99_Y2020_Q2,2020,2,55.254999999999995,51.705,Quarter
T99_Y2020_Q3,2020,3,54.86,55.254999999999995,Quarter
T99_Y2020_Q4,2020,4,52.79,54.86,Quarter
T100_Y2018_Q2,2018,2,37.48,,Quarter
T100_Y2018_Q3,2018,3,36.870000000000005,37.48,Quarter
T100_Y2018_Q4,2018,4,34.45,36.870000000000005,Quarter
T100_Y2019_Q1,2019,1,35.0,34.45,Quarter
T100_Y2019_Q2,2019,2,34.36,35.0,Quarter
T100_Y2019_Q3,2019,3,36.715,34.36,Quarter
T100_Y2019_Q4,2019,4,32.74,36.715,Quarter
T100_Y2020_Q1,2020,1,38.32,32.74,Quarter
T100_Y2020_Q2,2020,2,36.17,38.32,Quarter
T100_Y2020_Q3,2020,3,36.345,36.17,Quarter
T100_Y2020_Q4,2020,4,35.275,36.345,Quarter
T101_Y2018_Q2,2018,2,46.5,,Quarter
T101_Y2018_Q3,2018,3,45.72,46.5,Quarter
T101_Y2018_Q4,2018,4,46.3,45.72,Quarter
T101_Y2019_Q1,2019,1,42.54,46.3,Quarter
T101_Y2019_Q2,2019,2,44.135000000000005,42.54,Quarter
T101_Y2019_Q3,2019,3,45.79,44.135000000000005,Quarter
T101_Y2019_Q4,2019,4,44.47,45.79,Quarter
T101_Y2020_Q1,2020,1,44.09,44.47,Quarter
T101_Y2020_Q2,2020,2,44.68,44.09,Quarter
T101_Y2020_Q3,2020,3,44.375,44.68,Quarter
T101_Y2020_Q4,2020,4,41.64,44.375,Quarter
T102_Y2018_Q2,2018,2,50.82,,Quarter
T102_Y2018_Q3,2018,3,57.28,50.82,Quarter
T102_Y2018_Q4,2018,4,56.27,57.28,Quarter
T102_Y2019_Q1,2019,1,57.25,56.27,Quarter
T102_Y2019_Q2,2019,2,55.53,57.25,Quarter
T102_Y2019_Q3,2019,3,55.7,55.53,Quarter
T102_Y2019_Q4,2019,4,50.18,55.7,Quarter
T102_Y2020_Q1,2020,1,53.36,50.18,Quarter
T102_Y2020_Q2,2020,2,52.435,53.36,Quarter
T102_Y2020_Q3,2020,3,52.92,52.435,Quarter
T102_Y2020_Q4,2020,4,56.33,52.92,Quarter
T103_Y2018_Q2,2018,2,48.525000000000006,,Quarter
T103_Y2018_Q3,2018,3,53.09,48.525000000000006,Quarter
T103_Y2018_Q4,2018,4,46.754999999999995,53.09,Quarter
T103_Y2019_Q1,2019,1,46.22,46.754999999999995,Quarter
T103_Y2019_Q2,2019,2,44.875,46.22,Quarter
T103_Y2019_Q3,2019,3,48.53,44.875,Quarter
T103_Y2019_Q4,2019,4,48.64,48.53,Quarter
T103_Y2020_Q1,2020,1,47.89,48.64,Quarter
T103_Y2020_Q2,2020,2,46.15,47.89,Quarter
T103_Y2020_Q3,2020,3,46.3,46.15,Quarter
T103_Y2020_Q4,2020,4,49.36,46.3,Quarter
T104_Y2018_Q2,2018,2,42.269999999999996,,Quarter
T104_Y2018_Q3,2018,3,41.04,42.269999999999996,Quarter
T104_Y2018_Q4,2018,4,40.605000000000004,41.04,Quarter
T104_Y2019_Q1,2019,1,41.15,40.605000000000004,Quarter
T104_Y2019_Q2,2019,2,40.58,41.15,Quarter
T104_Y2019_Q3,2019,3,41.724999999999994,40.58,Quarter
T104_Y2019_Q4,2019,4,39.73,41.724999999999994,Quarter
T104_Y2020_Q1,2020,1,41.209999999999994,39.73,Quarter
T104_Y2020_Q2,2020,2,41.61,41.209999999999994,Quarter
T104_Y2020_Q3,2020,3,43.81,41.61,Quarter
T104_Y2020_Q4,2020,4,38.585,43.81,Quarter
T105_Y2018_Q2,2018,2,40.59,,Quarter
T105_Y2018_Q3,2018,3,37.58,40.59,Quarter
T105_Y2018_Q4,2018,4,41.01,37.58,Quarter
T105_Y2019_Q1,2019,1,40.085,41.01,Quarter
T105_Y2019_Q2,2019,2,42.875,40.085,Quarter
T105_Y2019_Q3,2019,3,38.085,42.875,Quarter
T105_Y2019_Q4,2019,4,43.21,38.085,Quarter
T105_Y2020_Q1,2020,1,36.1,43.21,Quarter
T105_Y2020_Q2,2020,2,38.84,36.1,Quarter
T105_Y2020_Q3,2020,3,41.7,38.84,Quarter
T105_Y2020_Q4,2020,4,40.69,41.7,Quarter
T106_Y2018_Q2,2018,2,48.36,,Quarter
T106_Y2018_Q3,2018,3,48.33,48.36,Quarter
T106_Y2018_Q4,2018,4,51.34,48.33,Quarter
T106_Y2019_Q1,2019,1,49.1,51.34,Quarter
T106_Y2019_Q2,2019,2,49.61,49.1,Quarter
T106_Y2019_Q3,2019,3,52.364999999999995,49.61,Quarter
T106_Y2019_Q4,2019,4,55.31,52.364999999999995,Quarter
T106_Y2020_Q1,2020,1,48.75,55.31,Quarter
T106_Y2020_Q2,2020,2,50.595,48.75,Quarter
T106_Y2020_Q3,2020,3,51.5,50.595,Quarter
T106_Y2020_Q4,2020,4,45.97,51.5,Quarter
T107_Y2018_Q2,2018,2,44.004999999999995,,Quarter
T107_Y2018_Q3,2018,3,43.605000000000004,44.004999999999995,Quarter
T107_Y2018_Q4,2018,4,46.63,43.605000000000004,Quarter
T107_Y2019_Q1,2019,1,49.11,46.63,Quarter
T107_Y2019_Q2,2019,2,47.065,49.11,Quarter
T107_Y2019_Q3,2019,3,44.535,47.065,Quarter
T107_Y2019_Q4,2019,4,47.075,44.535,Quarter
T107_Y2020_Q1,2020,1,41.94,47.075,Quarter
T107_Y2020_Q2,2020,2,43.019999999999996,41.94,Quarter
T107_Y2020_Q3,2020,3,47.79,43.019999999999996,Quarter
T107_Y2020_Q4,2020,4,47.775,47.79,Quarter
T108_Y2018_Q2,2018,2,47.33,,Quarter
T108_Y2018_Q3,2018,3,52.4,47.33,Quarter
T108_Y2018_Q4,2018,4,53.81,52.4,Quarter
T108_Y2019_Q1,2019,1,53.57,53.81,Quarter
T108_Y2019_Q2,2019,2,53.269999999999996,53.57,Quarter
T108_Y2019_Q3,2019,3,52.58,53.269999999999996,Quarter
T108_Y2019_Q4,2019,4,50.644999999999996,52.58,Quarter
T108_Y2020_Q1,2020,1,53.78,50.644999999999996,Quarter
T108_Y2020_Q2,2020,2,51.11,53.78,Quarter
T108_Y2020_Q3,2020,3,50.09,51.11,Quarter
T108_Y2020_Q4,2020,4,50.685,50.09,Quarter
T109_Y2018_Q2,2018,2,36.775,,Quarter
T109_Y2018_Q3,2018,3,38.13,36.775,Quarter
T109_Y2018_Q4,2018,4,36.05,38.13,Quarter
T109_Y2019_Q1,2019,1,36.73,36.05,Quarter
T109_Y2019_Q2,2019,2,36.7,36.73,Quarter
T109_Y2019_Q3,2019,3,36.97,36.7,Quarter
T109_Y2019_Q4,2019,4,35.045,36.97,Quarter
T109_Y2020_Q1,2020,1,34.92,35.045,Quarter
T109_Y2020_Q2,2020,2,34.8,34.92,Quarter
T109_Y2020_Q3,2020,3,35.64,34.8,Quarter
T109_Y2020_Q4,2020,4,36.68,35.64,Quarter
T110_Y2018_Q2,2018,2,49.19,,Quarter
T110_Y2018_Q3,2018,3,51.105000000000004,49.19,Quarter
T110_Y2018_Q4,2018,4,49.25,51.105000000000004,Quarter
T110_Y2019_Q1,2019,1,48.94,49.25,Quarter
T110_Y2019_Q2,2019,2,49.480000000000004,48.94,Quarter
T110_Y2019_Q3,2019,3,47.36,49.480000000000004,Quarter
T110_Y2019_Q4,2019,4,47.879999999999995,47.36,Quarter
T110_Y2020_Q1,2020,1,48.965,47.879999999999995,Quarter
T110_Y2020_Q2,2020,2,49.84,48.965,Quarter
T110_Y2020_Q3,2020,3,48.52,49.84,Quarter
T110_Y2020_Q4,2020,4,49.01,48.52,Quarter
T111_Y2018_Q2,2018,2,39.565,,Quarter
T111_Y2018_Q3,2018,3,41.39,39.565,Quarter
T111_Y2018_Q4,2018,4,43.8,41.39,Quarter
T111_Y2019_Q1,2019,1,40.63,43.8,Quarter
T111_Y2019_Q2,2019,2,41.3,40.63,Quarter
T111_Y2019_Q3,2019,3,42.36,41.3,Quarter
T111_Y2019_Q4,2019,4,43.75,42.36,Quarter
T111_Y2020_Q1,2020,1,41.525,43.75,Quarter
T111_Y2020_Q2,2020,2,45.85,41.525,Quarter
T111_Y2020_Q3,2020,3,40.32,45.85,Quarter
T111_Y2020_Q4,2020,4,39.555,40.32,Quarter
T112_Y2018_Q2,2018,2,33.620000000000005,,Quarter
T112_Y2018_Q3,2018,3,33.44,33.620000000000005,Quarter
T112_Y2018_Q4,2018,4,32.16,33.44,Quarter
T112_Y2019_Q1,2019,1,33.625,32.16,Quarter
T112_Y2019_Q2,2019,2,31.424999999999997,33.625,Quarter
T112_Y2019_Q3,2019,3,33.4,31.424999999999997,Quarter
T112_Y2019_Q4,2019,4,33.2,33.4,Quarter
T112_Y2020_Q1,2020,1,33.875,33.2,Quarter
T112_Y2020_Q2,2020,2,34.1,33.875,Quarter
T112_Y2020_Q3,2020,3,34.254999999999995,34.1,Quarter
T112_Y2020_Q4,2020,4,33.07,34.254999999999995,Quarter
T113_Y2018_Q2,2018,2,43.120000000000005,,Quarter
T113_Y2018_Q3,2018,3,45.6,43.120000000000005,Quarter
T113_Y2018_Q4,2018,4,41.105000000000004,45.6,Quarter
T113_Y2019_Q1,2019,1,43.97,41.105000000000004,Quarter
T113_Y2019_Q2,2019,2,44.34,43.97,Quarter
T113_Y2019_Q3,2019,3,46.38,44.34,Quarter
T113_Y2019_Q4,2019,4,45.655,46.38,Quarter
T113_Y2020_Q1,2020,1,45.27,45.655,Quarter
T113_Y2020_Q2,2020,2,45.965,45.27,Quarter
T113_Y2020_Q3,2020,3,42.285,45.965,Quarter
T113_Y2020_Q4,2020,4,42.53,42.285,Quarter
T114_Y2018_Q2,2018,2,40.0,,Quarter
T114_Y2018_Q3,2018,3,40.3,40.0,Quarter
T114_Y2018_Q4,2018,4,39.095,40.3,Quarter
T114_Y2019_Q1,2019,1,37.87,39.095,Quarter
T114_Y2019_Q2,2019,2,35.16,37.87,Quarter
T114_Y2019_Q3,2019,3,35.92,35.16,Quarter
T114_Y2019_Q4,2019,4,39.13,35.92,Quarter
T114_Y2020_Q1,2020,1,36.58,39.13,Quarter
T114_Y2020_Q2,2020,2,36.885000000000005,36.58,Quarter
T114_Y2020_Q3,2020,3,36.39,36.885000000000005,Quarter
T114_Y2020_Q4,2020,4,36.94,36.39,Quarter
T115_Y2018_Q2,2018,2,61.39,,Quarter
T115_Y2018_Q3,2018,3,61.864999999999995,61.39,Quarter
T115_Y2018_Q4,2018,4,63.65,61.864999999999995,Quarter
T115_Y2019_Q1,2019,1,61.54,63.65,Quarter
T115_Y2019_Q2,2019,2,62.795,61.54,Quarter
T115_Y2019_Q3,2019,3,62.34,62.795,Quarter
T115_Y2019_Q4,2019,4,63.15,62.34,Quarter
T115_Y2020_Q1,2020,1,64.58,63.15,Quarter
T115_Y2020_Q2,2020,2,62.0,64.58,Quarter
T115_Y2020_Q3,2020,3,60.685,62.0,Quarter
T115_Y2020_Q4,2020,4,61.36,60.685,Quarter
T116_Y2018_Q2,2018,2,53.04,,Quarter
T116_Y2018_Q3,2018,3,51.42,53.04,Quarter
T116_Y2018_Q4,2018,4,49.795,51.42,Quarter
T116_Y2019_Q1,2019,1,52.165000000000006,49.795,Quarter
T116_Y2019_Q2,2019,2,52.17,52.165000000000006,Quarter
T116_Y2019_Q3,2019,3,51.47,52.17,Quarter
T116_Y2019_Q4,2019,4,48.77,51.47,Quarter
T116_Y2020_Q1,2020,1,50.93,48.77,Quarter
T116_Y2020_Q2,2020,2,50.155,50.93,Quarter
T116_Y2020_Q3,2020,3,48.21,50.155,Quarter
T116_Y2020_Q4,2020,4,51.13,48.21,Quarter
T117_Y2018_Q2,2018,2,51.56,,Quarter
T117_Y2018_Q3,2018,3,54.6,51.56,Quarter
T117_Y2018_Q4,2018,4,51.25,54.6,Quarter
T117_Y2019_Q1,2019,1,51.97,51.25,Quarter
T117_Y2019_Q2,2019,2,50.86,51.97,Quarter
T117_Y2019_Q3,2019,3,53.57,50.86,Quarter
T117_Y2019_Q4,2019,4,46.235,53.57,Quarter
T117_Y2020_Q1,2020,1,50.55500000000001,46.235,Quarter
T117_Y2020_Q2,2020,2,53.56,50.55500000000001,Quarter
T117_Y2020_Q3,2020,3,55.79,53.56,Quarter
T117_Y2020_Q4,2020,4,52.13,55.79,Quarter
T118_Y2018_Q2,2018,2,51.58,,Quarter
T118_Y2018_Q3,2018,3,50.97,51.58,Quarter
T118_Y2018_Q4,2018,4,55.06,50.97,Quarter
T118_Y2019_Q1,2019,1,46.334999999999994,55.06,Quarter
T118_Y2019_Q2,2019,2,50.15,46.334999999999994,Quarter
T118_Y2019_Q3,2019,3,45.19,50.15,Quarter
T118_Y2019_Q4,2019,4,50.01,45.19,Quarter
T118_Y2020_Q1,2020,1,48.69,50.01,Quarter
T118_Y2020_Q2,2020,2,46.175,48.69,Quarter
T118_Y2020_Q3,2020,3,51.76,46.175,Quarter
T118_Y2020_Q4,2020,4,52.94,51.76,Quarter
T119_Y2018_Q2,2018,2,47.76,,Quarter
T119_Y2018_Q3,2018,3,43.905,47.76,Quarter
T119_Y2018_Q4,2018,4,44.42,43.905,Quarter
T119_Y2019_Q1,2019,1,45.480000000000004,44.42,Quarter
T119_Y2019_Q2,2019,2,46.21,45.480000000000004,Quarter
T119_Y2019_Q3,2019,3,45.57,46.21,Quarter
T119_Y2019_Q4,2019,4,45.39,45.57,Quarter
T119_Y2020_Q1,2020,1,48.04,45.39,Quarter
T119_Y2020_Q2,2020,2,44.28,48.04,Quarter
T119_Y2020_Q3,2020,3,44.095,44.28,Quarter
T119_Y2020_Q4,2020,4,46.765,44.095,Quarter
T120_Y2018_Q2,2018,2,37.71,,Quarter
T120_Y2018_Q3,2018,3,33.515,37.71,Quarter
T120_Y2018_Q4,2018,4,39.15,33.515,Quarter
T120_Y2019_Q1,2019,1,36.77,39.15,Quarter
T120_Y2019_Q2,2019,2,35.58,36.77,Quarter
T120_Y2019_Q3,2019,3,33.57,35.58,Quarter
T120_Y2019_Q4,2019,4,33.07,33.57,Quarter
T120_Y2020_Q1,2020,1,35.599999999999994,33.07,Quarter
T120_Y2020_Q2,2020,2,33.47,35.599999999999994,Quarter
T120_Y2020_Q3,2020,3,34.58,33.47,Quarter
T120_Y2020_Q4,2020,4,35.98,34.58,Quarter
T121_Y2018_Q2,2018,2,53.14,,Quarter
T121_Y2018_Q3,2018,3,51.730000000000004,53.14,Quarter
T121_Y2018_Q4,2018,4,51.38,51.730000000000004,Quarter
T121_Y2019_Q1,2019,1,53.035,51.38,Quarter
T121_Y2019_Q2,2019,2,52.31,53.035,Quarter
T121_Y2019_Q3,2019,3,55.035,52.31,Quarter
T121_Y2019_Q4,2019,4,52.095,55.035,Quarter
T121_Y2020_Q1,2020,1,49.83,52.095,Quarter
T121_Y2020_Q2,2020,2,51.36,49.83,Quarter
T121_Y2020_Q3,2020,3,57.78,51.36,Quarter
T121_Y2020_Q4,2020,4,51.27,57.78,Quarter
T122_Y2018_Q2,2018,2,48.2,,Quarter
T122_Y2018_Q3,2018,3,49.224999999999994,48.2,Quarter
T122_Y2018_Q4,2018,4,47.34,49.224999999999994,Quarter
T122_Y2019_Q1,2019,1,46.69,47.34,Quarter
T122_Y2019_Q2,2019,2,45.865,46.69,Quarter
T122_Y2019_Q3,2019,3,47.085,45.865,Quarter
T122_Y2019_Q4,2019,4,45.01,47.085,Quarter
T122_Y2020_Q1,2020,1,44.114999999999995,45.01,Quarter
T122_Y2020_Q2,2020,2,46.01,44.114999999999995,Quarter
T122_Y2020_Q3,2020,3,48.28,46.01,Quarter
T122_Y2020_Q4,2020,4,46.435,48.28,Quarter
T123_Y2018_Q2,2018,2,53.1,,Quarter
T123_Y2018_Q3,2018,3,52.23,53.1,Quarter
T123_Y2018_Q4,2018,4,53.379999999999995,52.23,Quarter
T123_Y2019_Q1,2019,1,50.41,53.379999999999995,Quarter
T123_Y2019_Q2,2019,2,53.30500000000001,50.41,Quarter
T123_Y2019_Q3,2019,3,52.9,53.30500000000001,Quarter
T123_Y2019_Q4,2019,4,54.09,52.9,Quarter
T123_Y2020_Q1,2020,1,55.48,54.09,Quarter
T123_Y2020_Q2,2020,2,53.83,55.48,Quarter
T123_Y2020_Q3,2020,3,54.32,53.83,Quarter
T123_Y2020_Q4,2020,4,49.225,54.32,Quarter
T124_Y2018_Q2,2018,2,48.01,,Quarter
T124_Y2018_Q3,2018,3,43.82,48.01,Quarter
T124_Y2018_Q4,2018,4,51.46,43.82,Quarter
T124_Y2019_Q1,2019,1,49.93,51.46,Quarter
T124_Y2019_Q2,2019,2,50.08,49.93,Quarter
T124_Y2019_Q3,2019,3,42.58,50.08,Quarter
T124_Y2019_Q4,2019,4,50.120000000000005,42.58,Quarter
T124_Y2020_Q1,2020,1,48.38,50.120000000000005,Quarter
T124_Y2020_Q2,2020,2,53.075,48.38,Quarter
T124_Y2020_Q3,2020,3,47.2,53.075,Quarter
T124_Y2020_Q4,2020,4,46.85,47.2,Quarter
T125_Y2018_Q2,2018,2,46.505,,Quarter
T125_Y2018_Q3,2018,3,51.43,46.505,Quarter
T125_Y2018_Q4,2018,4,49.53,51.43,Quarter
T125_Y2019_Q1,2019,1,51.08,49.53,Quarter
T125_Y2019_Q2,2019,2,51.510000000000005,51.08,Quarter
T125_Y2019_Q3,2019,3,51.38,51.510000000000005,Quarter
T125_Y2019_Q4,2019,4,47.77,51.38,Quarter
T125_Y2020_Q1,2020,1,51.790000000000006,47.77,Quarter
T125_Y2020_Q2,2020,2,53.03,51.790000000000006,Quarter
T125_Y2020_Q3,2020,3,49.2,53.03,Quarter
T125_Y2020_Q4,2020,4,51.19,49.2,Quarter
T126_Y2018_Q2,2018,2,31.95,,Quarter
T126_Y2018_Q3,2018,3,36.875,31.95,Quarter
T126_Y2018_Q4,2018,4,34.32,36.875,Quarter
T126_Y2019_Q1,2019,1,33.98,34.32,Quarter
T126_Y2019_Q2,2019,2,35.900000000000006,33.98,Quarter
T126_Y2019_Q3,2019,3,32.5,35.900000000000006,Quarter
T126_Y2019_Q4,2019,4,37.754999999999995,32.5,Quarter
T126_Y2020_Q1,2020,1,34.5,37.754999999999995,Quarter
T126_Y2020_Q2,2020,2,34.16,34.5,Quarter
T126_Y2020_Q3,2020,3,37.23,34.16,Quarter
T126_Y2020_Q4,2020,4,37.8,37.23,Quarter
T127_Y2018_Q2,2018,2,45.24,,Quarter
T127_Y2018_Q3,2018,3,44.135,45.24,Quarter
T127_Y2018_Q4,2018,4,44.17,44.135,Quarter
T127_Y2019_Q1,2019,1,45.754999999999995,44.17,Quarter
T127_Y2019_Q2,2019,2,42.16,45.754999999999995,Quarter
T127_Y2019_Q3,2019,3,46.01,42.16,Quarter
T127_Y2019_Q4,2019,4,46.56,46.01,Quarter
T127_Y2020_Q1,2020,1,45.31,46.56,Quarter
T127_Y2020_Q2,2020,2,43.69,45.31,Quarter
T127_Y2020_Q3,2020,3,46.2,43.69,Quarter
T127_Y2020_Q4,2020,4,43.04,46.2,Quarter
T128_Y2018_Q2,2018,2,47.555,,Quarter
T128_Y2018_Q3,2018,3,44.275000000000006,47.555,Quarter
T128_Y2018_Q4,2018,4,48.03,44.275000000000006,Quarter
T128_Y2019_Q1,2019,1,50.495000000000005,48.03,Quarter
T128_Y2019_Q2,2019,2,44.15,50.495000000000005,Quarter
T128_Y2019_Q3,2019,3,51.69,44.15,Quarter
T128_Y2019_Q4,2019,4,49.985,51.69,Quarter
T128_Y2020_Q1,2020,1,48.66,49.985,Quarter
T128_Y2020_Q2,2020,2,51.81,48.66,Quarter
T128_Y2020_Q3,2020,3,50.44,51.81,Quarter
T128_Y2020_Q4,2020,4,47.025,50.44,Quarter
T129_Y2018_Q2,2018,2,59.94,,Quarter
T129_Y2018_Q3,2018,3,58.045,59.94,Quarter
T129_Y2018_Q4,2018,4,55.135,58.045,Quarter
T129_Y2019_Q1,2019,1,58.83,55.135,Quarter
T129_Y2019_Q2,2019,2,61.86,58.83,Quarter
T129_Y2019_Q3,2019,3,59.05,61.86,Quarter
T129_Y2019_Q4,2019,4,59.16,59.05,Quarter
T129_Y2020_Q1,2020,1,57.46,59.16,Quarter
T129_Y2020_Q2,2020,2,57.9,57.46,Quarter
T129_Y2020_Q3,2020,3,59.26,57.9,Quarter
T129_Y2020_Q4,2020,4,56.41,59.26,Quarter
T130_Y2018_Q2,2018,2,31.93,,Quarter
T130_Y2018_Q3,2018,3,31.45,31.93,Quarter
T130_Y2018_Q4,2018,4,31.6,31.45,Quarter
T130_Y2019_Q1,2019,1,30.03,31.6,Quarter
T130_Y2019_Q2,2019,2,34.02,30.03,Quarter
T130_Y2019_Q3,2019,3,31.23,34.02,Quarter
T130_Y2019_Q4,2019,4,33.83,31.23,Quarter
T130_Y2020_Q1,2020,1,32.97,33.83,Quarter
T130_Y2020_Q2,2020,2,28.65,32.97,Quarter
T130_Y2020_Q3,2020,3,30.775,28.65,Quarter
T130_Y2020_Q4,2020,4,29.68,30.775,Quarter
T131_Y2018_Q2,2018,2,48.27,,Quarter
T131_Y2018_Q3,2018,3,48.89,48.27,Quarter
T131_Y2018_Q4,2018,4,48.56,48.89,Quarter
T131_Y2019_Q1,2019,1,44.78,48.56,Quarter
T131_Y2019_Q2,2019,2,47.44,44.78,Quarter
T131_Y2019_Q3,2019,3,43.5,47.44,Quarter
T131_Y2019_Q4,2019,4,46.3,43.5,Quarter
T131_Y2020_Q1,2020,1,48.2,46.3,Quarter
T131_Y2020_Q2,2020,2,49.74,48.2,Quarter
T131_Y2020_Q3,2020,3,45.09,49.74,Quarter
T131_Y2020_Q4,2020,4,46.26,45.09,Quarter
T132_Y2018_Q2,2018,2,43.38,,Quarter
T132_Y2018_Q3,2018,3,38.965,43.38,Quarter
T132_Y2018_Q4,2018,4,39.275,38.965,Quarter
T132_Y2019_Q1,2019,1,41.285,39.275,Quarter
T132_Y2019_Q2,2019,2,41.2,41.285,Quarter
T132_Y2019_Q3,2019,3,43.465,41.2,Quarter
T132_Y2019_Q4,2019,4,42.6,43.465,Quarter
T132_Y2020_Q1,2020,1,41.06,42.6,Quarter
T132_Y2020_Q2,2020,2,40.26,41.06,Quarter
T132_Y2020_Q3,2020,3,41.07,40.26,Quarter
T132_Y2020_Q4,2020,4,39.14,41.07,Quarter
T133_Y2018_Q2,2018,2,39.555,,Quarter
T133_Y2018_Q3,2018,3,42.03,39.555,Quarter
T133_Y2018_Q4,2018,4,43.24,42.03,Quarter
T133_Y2019_Q1,2019,1,38.44,43.24,Quarter
T133_Y2019_Q2,2019,2,43.715,38.44,Quarter
T133_Y2019_Q3,2019,3,42.07,43.715,Quarter
T133_Y2019_Q4,2019,4,44.38,42.07,Quarter
T133_Y2020_Q1,2020,1,41.59,44.38,Quarter
T133_Y2020_Q2,2020,2,43.61,41.59,Quarter
T133_Y2020_Q3,2020,3,42.25,43.61,Quarter
T133_Y2020_Q4,2020,4,43.935,42.25,Quarter
T134_Y2018_Q2,2018,2,46.325,,Quarter
T134_Y2018_Q3,2018,3,46.349999999999994,46.325,Quarter
T134_Y2018_Q4,2018,4,46.459999999999994,46.349999999999994,Quarter
T134_Y2019_Q1,2019,1,44.81,46.459999999999994,Quarter
T134_Y2019_Q2,2019,2,46.055,44.81,Quarter
T134_Y2019_Q3,2019,3,46.91,46.055,Quarter
T134_Y2019_Q4,2019,4,46.06,46.91,Quarter
T134_Y2020_Q1,2020,1,45.77,46.06,Quarter
T134_Y2020_Q2,2020,2,43.67,45.77,Quarter
T134_Y2020_Q3,2020,3,49.01,43.67,Quarter
T134_Y2020_Q4,2020,4,43.6,49.01,Quarter
T135_Y2018_Q2,2018,2,49.39,,Quarter
T135_Y2018_Q3,2018,3,49.13,49.39,Quarter
T135_Y2018_Q4,2018,4,47.16,49.13,Quarter
T135_Y2019_Q1,2019,1,48.30500000000001,47.16,Quarter
T135_Y2019_Q2,2019,2,45.48,48.30500000000001,Quarter
T135_Y2019_Q3,2019,3,47.51,45.48,Quarter
T135_Y2019_Q4,2019,4,46.93,47.51,Quarter
T135_Y2020_Q1,2020,1,45.644999999999996,46.93,Quarter
T135_Y2020_Q2,2020,2,46.245,45.644999999999996,Quarter
T135_Y2020_Q3,2020,3,47.15,46.245,Quarter
T135_Y2020_Q4,2020,4,46.9,47.15,Quarter
T136_Y2018_Q2,2018,2,40.91,,Quarter
T136_Y2018_Q3,2018,3,42.95,40.91,Quarter
T136_Y2018_Q4,2018,4,43.19,42.95,Quarter
T136_Y2019_Q1,2019,1,40.47,43.19,Quarter
T136_Y2019_Q2,2019,2,42.30500000000001,40.47,Quarter
T136_Y2019_Q3,2019,3,41.99,42.30500000000001,Quarter
T136_Y2019_Q4,2019,4,42.0,41.99,Quarter
T136_Y2020_Q1,2020,1,45.94,42.0,Quarter
T136_Y2020_Q2,2020,2,41.845,45.94,Quarter
T136_Y2020_Q3,2020,3,40.84,41.845,Quarter
T136_Y2020_Q4,2020,4,43.120000000000005,40.84,Quarter
T137_Y2018_Q2,2018,2,37.845,,Quarter
T137_Y2018_Q3,2018,3,36.39,37.845,Quarter
T137_Y2018_Q4,2018,4,35.59,36.39,Quarter
T137_Y2019_Q1,2019,1,35.53,35.59,Quarter
T137_Y2019_Q2,2019,2,35.815,35.53,Quarter
T137_Y2019_Q3,2019,3,39.39,35.815,Quarter
T137_Y2019_Q4,2019,4,35.57,39.39,Quarter
T137_Y2020_Q1,2020,1,38.06999999999999,35.57,Quarter
T137_Y2020_Q2,2020,2,37.75,38.06999999999999,Quarter
T137_Y2020_Q3,2020,3,36.33,37.75,Quarter
T137_Y2020_Q4,2020,4,39.79,36.33,Quarter
T138_Y2018_Q2,2018,2,43.1,,Quarter
T138_Y2018_Q3,2018,3,43.65,43.1,Quarter
T138_Y2018_Q4,2018,4,42.86,43.65,Quarter
T138_Y2019_Q1,2019,1,43.974999999999994,42.86,Quarter
T138_Y2019_Q2,2019,2,42.24,43.974999999999994,Quarter
T138_Y2019_Q3,2019,3,40.67,42.24,Quarter
T138_Y2019_Q4,2019,4,40.585,40.67,Quarter
T138_Y2020_Q1,2020,1,44.239999999999995,40.585,Quarter
T138_Y2020_Q2,2020,2,42.535,44.239999999999995,Quarter
T138_Y2020_Q3,2020,3,41.775000000000006,42.535,Quarter
T138_Y2020_Q4,2020,4,39.91,41.775000000000006,Quarter
T139_Y2018_Q2,2018,2,35.24,,Quarter
T139_Y2018_Q3,2018,3,35.51,35.24,Quarter
T139_Y2018_Q4,2018,4,40.04,35.51,Quarter
T139_Y2019_Q1,2019,1,38.53,40.04,Quarter
T139_Y2019_Q2,2019,2,37.05,38.53,Quarter
T139_Y2019_Q3,2019,3,36.21,37.05,Quarter
T139_Y2019_Q4,2019,4,38.155,36.21,Quarter
T139_Y2020_Q1,2020,1,40.54,38.155,Quarter
T139_Y2020_Q2,2020,2,35.86,40.54,Quarter
T139_Y2020_Q3,2020,3,38.425,35.86,Quarter
T139_Y2020_Q4,2020,4,37.98,38.425,Quarter
T140_Y2018_Q2,2018,2,45.11,,Quarter
T140_Y2018_Q3,2018,3,46.03,45.11,Quarter
T140_Y2018_Q4,2018,4,44.285,46.03,Quarter
T140_Y2019_Q1,2019,1,43.13,44.285,Quarter
T140_Y2019_Q2,2019,2,40.57,43.13,Quarter
T140_Y2019_Q3,2019,3,42.865,40.57,Quarter
T140_Y2019_Q4,2019,4,43.04,42.865,Quarter
T140_Y2020_Q1,2020,1,44.04,43.04,Quarter
T140_Y2020_Q2,2020,2,46.14,44.04,Quarter
T140_Y2020_Q3,2020,3,46.59,46.14,Quarter
T140_Y2020_Q4,2020,4,40.37,46.59,Quarter
T141_Y2018_Q2,2018,2,41.935,,Quarter
T141_Y2018_Q3,2018,3,46.39,41.935,Quarter
T141_Y2018_Q4,2018,4,45.675,46.39,Quarter
T141_Y2019_Q1,2019,1,43.345,45.675,Quarter
T141_Y2019_Q2,2019,2,45.165000000000006,43.345,Quarter
T141_Y2019_Q3,2019,3,42.709999999999994,45.165000000000006,Quarter
T141_Y2019_Q4,2019,4,42.74,42.709999999999994,Quarter
T141_Y2020_Q1,2020,1,43.724999999999994,42.74,Quarter
T141_Y2020_Q2,2020,2,42.81,43.724999999999994,Quarter
T141_Y2020_Q3,2020,3,42.9,42.81,Quarter
T141_Y2020_Q4,2020,4,42.76,42.9,Quarter
T142_Y2018_Q2,2018,2,32.515,,Quarter
T142_Y2018_Q3,2018,3,35.405,32.515,Quarter
T142_Y2018_Q4,2018,4,33.595,35.405,Quarter
T142_Y2019_Q1,2019,1,32.69,33.595,Quarter
T142_Y2019_Q2,2019,2,34.7,32.69,Quarter
T142_Y2019_Q3,2019,3,34.56,34.7,Quarter
T142_Y2019_Q4,2019,4,33.535,34.56,Quarter
T142_Y2020_Q1,2020,1,35.43,33.535,Quarter
T142_Y2020_Q2,2020,2,34.6,35.43,Quarter
T142_Y2020_Q3,2020,3,35.260000000000005,34.6,Quarter
T142_Y2020_Q4,2020,4,32.81,35.260000000000005,Quarter
T143_Y2018_Q2,2018,2,58.78,,Quarter
T143_Y2018_Q3,2018,3,58.525,58.78,Quarter
T143_Y2018_Q4,2018,4,59.71,58.525,Quarter
T143_Y2019_Q1,2019,1,57.29,59.71,Quarter
T143_Y2019_Q2,2019,2,59.85,57.29,Quarter
T143_Y2019_Q3,2019,3,56.65,59.85,Quarter
T143_Y2019_Q4,2019,4,55.040000000000006,56.65,Quarter
T143_Y2020_Q1,2020,1,59.19,55.040000000000006,Quarter
T143_Y2020_Q2,2020,2,60.315,59.19,Quarter
T143_Y2020_Q3,2020,3,59.1,60.315,Quarter
T143_Y2020_Q4,2020,4,54.14,59.1,Quarter
T144_Y2018_Q2,2018,2,56.62,,Quarter
T144_Y2018_Q3,2018,3,54.36,56.62,Quarter
T144_Y2018_Q4,2018,4,54.87,54.36,Quarter
T144_Y2019_Q1,2019,1,54.09,54.87,Quarter
T144_Y2019_Q2,2019,2,49.65,54.09,Quarter
T144_Y2019_Q3,2019,3,52.82,49.65,Quarter
T144_Y2019_Q4,2019,4,57.18,52.82,Quarter
T144_Y2020_Q1,2020,1,49.605000000000004,57.18,Quarter
T144_Y2020_Q2,2020,2,54.325,49.605000000000004,Quarter
T144_Y2020_Q3,2020,3,55.01,54.325,Quarter
T144_Y2020_Q4,2020,4,54.91,55.01,Quarter
T145_Y2018_Q2,2018,2,60.99,,Quarter
T145_Y2018_Q3,2018,3,60.2,60.99,Quarter
T145_Y2018_Q4,2018,4,55.3,60.2,Quarter
T145_Y2019_Q1,2019,1,56.25,55.3,Quarter
T145_Y2019_Q2,2019,2,57.269999999999996,56.25,Quarter
T145_Y2019_Q3,2019,3,58.97,57.269999999999996,Quarter
T145_Y2019_Q4,2019,4,59.365,58.97,Quarter
T145_Y2020_Q1,2020,1,56.31,59.365,Quarter
T145_Y2020_Q2,2020,2,53.71,56.31,Quarter
T145_Y2020_Q3,2020,3,54.675,53.71,Quarter
T145_Y2020_Q4,2020,4,57.480000000000004,54.675,Quarter
T146_Y2018_Q2,2018,2,35.07,,Quarter
T146_Y2018_Q3,2018,3,41.595,35.07,Quarter
T146_Y2018_Q4,2018,4,39.989999999999995,41.595,Quarter
T146_Y2019_Q1,2019,1,39.085,39.989999999999995,Quarter
T146_Y2019_Q2,2019,2,41.17,39.085,Quarter
T146_Y2019_Q3,2019,3,38.56,41.17,Quarter
T146_Y2019_Q4,2019,4,38.54,38.56,Quarter
T146_Y2020_Q1,2020,1,38.05,38.54,Quarter
T146_Y2020_Q2,2020,2,37.58,38.05,Quarter
T146_Y2020_Q3,2020,3,39.78,37.58,Quarter
T146_Y2020_Q4,2020,4,41.14,39.78,Quarter
T147_Y2018_Q2,2018,2,41.77,,Quarter
T147_Y2018_Q3,2018,3,43.41,41.77,Quarter
T147_Y2018_Q4,2018,4,40.835,43.41,Quarter
T147_Y2019_Q1,2019,1,41.81,40.835,Quarter
T147_Y2019_Q2,2019,2,42.935,41.81,Quarter
T147_Y2019_Q3,2019,3,41.18,42.935,Quarter
T147_Y2019_Q4,2019,4,42.89,41.18,Quarter
T147_Y2020_Q1,2020,1,40.875,42.89,Quarter
T147_Y2020_Q2,2020,2,39.15,40.875,Quarter
T147_Y2020_Q3,2020,3,41.900000000000006,39.15,Quarter
T147_Y2020_Q4,2020,4,41.95,41.900000000000006,Quarter
T148_Y2018_Q2,2018,2,46.495000000000005,,Quarter
T148_Y2018_Q3,2018,3,42.69,46.495000000000005,Quarter
T148_Y2018_Q4,2018,4,45.38,42.69,Quarter
T148_Y2019_Q1,2019,1,40.86,45.38,Quarter
T148_Y2019_Q2,2019,2,42.28,40.86,Quarter
T148_Y2019_Q3,2019,3,40.88,42.28,Quarter
T148_Y2019_Q4,2019,4,40.28,40.88,Quarter
T148_Y2020_Q1,2020,1,44.46,40.28,Quarter
T148_Y2020_Q2,2020,2,42.91,44.46,Quarter
T148_Y2020_Q3,2020,3,42.855,42.91,Quarter
T148_Y2020_Q4,2020,4,40.394999999999996,42.855,Quarter
T149_Y2018_Q2,2018,2,41.010000000000005,,Quarter
T149_Y2018_Q3,2018,3,43.66,41.010000000000005,Quarter
T149_Y2018_Q4,2018,4,39.975,43.66,Quarter
T149_Y2019_Q1,2019,1,42.3,39.975,Quarter
T149_Y2019_Q2,2019,2,41.16,42.3,Quarter
T149_Y2019_Q3,2019,3,38.12,41.16,Quarter
T149_Y2019_Q4,2019,4,45.01,38.12,Quarter
T149_Y2020_Q1,2020,1,45.69,45.01,Quarter
T149_Y2020_Q2,2020,2,43.09,45.69,Quarter
T149_Y2020_Q3,2020,3,44.025,43.09,Quarter
T149_Y2020_Q4,2020,4,43.565,44.025,Quarter
T150_Y2018_Q2,2018,2,39.015,,Quarter
T150_Y2018_Q3,2018,3,37.885000000000005,39.015,Quarter
T150_Y2018_Q4,2018,4,40.44,37.885000000000005,Quarter
T150_Y2019_Q1,2019,1,43.2,40.44,Quarter
T150_Y2019_Q2,2019,2,41.489999999999995,43.2,Quarter
T150_Y2019_Q3,2019,3,36.06,41.489999999999995,Quarter
T150_Y2019_Q4,2019,4,39.72,36.06,Quarter
T150_Y2020_Q1,2020,1,40.915,39.72,Quarter
T150_Y2020_Q2,2020,2,38.129999999999995,40.915,Quarter
T150_Y2020_Q3,2020,3,41.38,38.129999999999995,Quarter
T150_Y2020_Q4,2020,4,40.44,41.38,Quarter
T151_Y2018_Q2,2018,2,46.57,,Quarter
T151_Y2018_Q3,2018,3,48.76,46.57,Quarter
T151_Y2018_Q4,2018,4,45.64,48.76,Quarter
T151_Y2019_Q1,2019,1,47.31,45.64,Quarter
T151_Y2019_Q2,2019,2,47.43,47.31,Quarter
T151_Y2019_Q3,2019,3,48.345,47.43,Quarter
T151_Y2019_Q4,2019,4,47.16,48.345,Quarter
T151_Y2020_Q1,2020,1,52.120000000000005,47.16,Quarter
T151_Y2020_Q2,2020,2,48.715,52.120000000000005,Quarter
T151_Y2020_Q3,2020,3,47.63,48.715,Quarter
T151_Y2020_Q4,2020,4,47.835,47.63,Quarter
T152_Y2018_Q2,2018,2,48.91,,Quarter
T152_Y2018_Q3,2018,3,45.81,48.91,Quarter
T152_Y2018_Q4,2018,4,46.57,45.81,Quarter
T152_Y2019_Q1,2019,1,47.69,46.57,Quarter
T152_Y2019_Q2,2019,2,51.425,47.69,Quarter
T152_Y2019_Q3,2019,3,49.88,51.425,Quarter
T152_Y2019_Q4,2019,4,48.620000000000005,49.88,Quarter
T152_Y2020_Q1,2020,1,53.33,48.620000000000005,Quarter
T152_Y2020_Q2,2020,2,44.285,53.33,Quarter
T152_Y2020_Q3,2020,3,45.29,44.285,Quarter
T152_Y2020_Q4,2020,4,46.815,45.29,Quarter
T153_Y2018_Q2,2018,2,44.92,,Quarter
T153_Y2018_Q3,2018,3,44.02,44.92,Quarter
T153_Y2018_Q4,2018,4,41.5,44.02,Quarter
T153_Y2019_Q1,2019,1,43.67,41.5,Quarter
T153_Y2019_Q2,2019,2,45.400000000000006,43.67,Quarter
T153_Y2019_Q3,2019,3,44.435,45.400000000000006,Quarter
T153_Y2019_Q4,2019,4,46.41,44.435,Quarter
T153_Y2020_Q1,2020,1,48.165,46.41,Quarter
T153_Y2020_Q2,2020,2,45.1,48.165,Quarter
T153_Y2020_Q3,2020,3,44.795,45.1,Quarter
T153_Y2020_Q4,2020,4,45.45,44.795,Quarter
T154_Y2018_Q2,2018,2,43.8,,Quarter
T154_Y2018_Q3,2018,3,43.58,43.8,Quarter
T154_Y2018_Q4,2018,4,42.86,43.58,Quarter
T154_Y2019_Q1,2019,1,42.79,42.86,Quarter
T154_Y2019_Q2,2019,2,43.245000000000005,42.79,Quarter
T154_Y2019_Q3,2019,3,42.19,43.245000000000005,Quarter
T154_Y2019_Q4,2019,4,41.71,42.19,Quarter
T154_Y2020_Q1,2020,1,41.26,41.71,Quarter
T154_Y2020_Q2,2020,2,40.97,41.26,Quarter
T154_Y2020_Q3,2020,3,44.21,40.97,Quarter
T154_Y2020_Q4,2020,4,39.864999999999995,44.21,Quarter
T155_Y2018_Q2,2018,2,42.99,,Quarter
T155_Y2018_Q3,2018,3,41.155,42.99,Quarter
T155_Y2018_Q4,2018,4,41.54,41.155,Quarter
T155_Y2019_Q1,2019,1,39.144999999999996,41.54,Quarter
T155_Y2019_Q2,2019,2,39.9,39.144999999999996,Quarter
T155_Y2019_Q3,2019,3,40.89,39.9,Quarter
T155_Y2019_Q4,2019,4,39.97,40.89,Quarter
T155_Y2020_Q1,2020,1,41.269999999999996,39.97,Quarter
T155_Y2020_Q2,2020,2,39.78,41.269999999999996,Quarter
T155_Y2020_Q3,2020,3,40.2,39.78,Quarter
T155_Y2020_Q4,2020,4,41.24,40.2,Quarter
T156_Y2018_Q2,2018,2,49.95,,Quarter
T156_Y2018_Q3,2018,3,50.08,49.95,Quarter
T156_Y2018_Q4,2018,4,47.28,50.08,Quarter
T156_Y2019_Q1,2019,1,49.3,47.28,Quarter
T156_Y2019_Q2,2019,2,50.89,49.3,Quarter
T156_Y2019_Q3,2019,3,48.33,50.89,Quarter
T156_Y2019_Q4,2019,4,47.22,48.33,Quarter
T156_Y2020_Q1,2020,1,47.63,47.22,Quarter
T156_Y2020_Q2,2020,2,52.16,47.63,Quarter
T156_Y2020_Q3,2020,3,49.129999999999995,52.16,Quarter
T156_Y2020_Q4,2020,4,49.605000000000004,49.129999999999995,Quarter
T157_Y2018_Q2,2018,2,60.03,,Quarter
T157_Y2018_Q3,2018,3,57.14,60.03,Quarter
T157_Y2018_Q4,2018,4,57.9,57.14,Quarter
T157_Y2019_Q1,2019,1,60.13,57.9,Quarter
T157_Y2019_Q2,2019,2,61.29,60.13,Quarter
T157_Y2019_Q3,2019,3,58.51,61.29,Quarter
T157_Y2019_Q4,2019,4,56.864999999999995,58.51,Quarter
T157_Y2020_Q1,2020,1,58.46,56.864999999999995,Quarter
T157_Y2020_Q2,2020,2,56.93,58.46,Quarter
T157_Y2020_Q3,2020,3,54.805,56.93,Quarter
T157_Y2020_Q4,2020,4,55.16,54.805,Quarter
T158_Y2018_Q2,2018,2,53.475,,Quarter
T158_Y2018_Q3,2018,3,51.15,53.475,Quarter
T158_Y2018_Q4,2018,4,49.35,51.15,Quarter
T158_Y2019_Q1,2019,1,47.625,49.35,Quarter
T158_Y2019_Q2,2019,2,47.63,47.625,Quarter
T158_Y2019_Q3,2019,3,48.16,47.63,Quarter
T158_Y2019_Q4,2019,4,50.3,48.16,Quarter
T158_Y2020_Q1,2020,1,52.480000000000004,50.3,Quarter
T158_Y2020_Q2,2020,2,51.2,52.480000000000004,Quarter
T158_Y2020_Q3,2020,3,49.155,51.2,Quarter
T158_Y2020_Q4,2020,4,52.379999999999995,49.155,Quarter
T159_Y2018_Q2,2018,2,30.04,,Quarter
T159_Y2018_Q3,2018,3,31.195,30.04,Quarter
T159_Y2018_Q4,2018,4,31.675,31.195,Quarter
T159_Y2019_Q1,2019,1,33.13,31.675,Quarter
T159_Y2019_Q2,2019,2,31.215,33.13,Quarter
T159_Y2019_Q3,2019,3,35.295,31.215,Quarter
T159_Y2019_Q4,2019,4,33.32,35.295,Quarter
T159_Y2020_Q1,2020,1,33.004999999999995,33.32,Quarter
T159_Y2020_Q2,2020,2,31.76,33.004999999999995,Quarter
T159_Y2020_Q3,2020,3,31.98,31.76,Quarter
T159_Y2020_Q4,2020,4,33.46,31.98,Quarter
T160_Y2018_Q2,2018,2,54.870000000000005,,Quarter
T160_Y2018_Q3,2018,3,48.06,54.870000000000005,Quarter
T160_Y2018_Q4,2018,4,51.94,48.06,Quarter
T160_Y2019_Q1,2019,1,53.785,51.94,Quarter
T160_Y2019_Q2,2019,2,50.835,53.785,Quarter
T160_Y2019_Q3,2019,3,51.57,50.835,Quarter
T160_Y2019_Q4,2019,4,54.35,51.57,Quarter
T160_Y2020_Q1,2020,1,53.86,54.35,Quarter
T160_Y2020_Q2,2020,2,51.16,53.86,Quarter
T160_Y2020_Q3,2020,3,53.06,51.16,Quarter
T160_Y2020_Q4,2020,4,53.79,53.06,Quarter
T161_Y2018_Q2,2018,2,48.305,,Quarter
T161_Y2018_Q3,2018,3,48.525,48.305,Quarter
T161_Y2018_Q4,2018,4,51.415,48.525,Quarter
T161_Y2019_Q1,2019,1,50.49,51.415,Quarter
T161_Y2019_Q2,2019,2,50.065,50.49,Quarter
T161_Y2019_Q3,2019,3,49.73,50.065,Quarter
T161_Y2019_Q4,2019,4,52.62,49.73,Quarter
T161_Y2020_Q1,2020,1,50.22,52.62,Quarter
T161_Y2020_Q2,2020,2,50.735,50.22,Quarter
T161_Y2020_Q3,2020,3,50.45,50.735,Quarter
T161_Y2020_Q4,2020,4,50.61,50.45,Quarter
T162_Y2018_Q2,2018,2,45.125,,Quarter
T162_Y2018_Q3,2018,3,45.67,45.125,Quarter
T162_Y2018_Q4,2018,4,44.63,45.67,Quarter
T162_Y2019_Q1,2019,1,46.82,44.63,Quarter
T162_Y2019_Q2,2019,2,44.01,46.82,Quarter
T162_Y2019_Q3,2019,3,44.98,44.01,Quarter
T162_Y2019_Q4,2019,4,45.89,44.98,Quarter
T162_Y2020_Q1,2020,1,43.7,45.89,Quarter
T162_Y2020_Q2,2020,2,43.760000000000005,43.7,Quarter
T162_Y2020_Q3,2020,3,46.33,43.760000000000005,Quarter
T162_Y2020_Q4,2020,4,45.36,46.33,Quarter
T163_Y2018_Q2,2018,2,36.894999999999996,,Quarter
T163_Y2018_Q3,2018,3,37.760000000000005,36.894999999999996,Quarter
T163_Y2018_Q4,2018,4,39.415,37.760000000000005,Quarter
T163_Y2019_Q1,2019,1,40.945,39.415,Quarter
T163_Y2019_Q2,2019,2,39.15,40.945,Quarter
T163_Y2019_Q3,2019,3,37.13,39.15,Quarter
T163_Y2019_Q4,2019,4,39.13,37.13,Quarter
T163_Y2020_Q1,2020,1,39.38,39.13,Quarter
T163_Y2020_Q2,2020,2,39.05,39.38,Quarter
T163_Y2020_Q3,2020,3,40.945,39.05,Quarter
T163_Y2020_Q4,2020,4,38.07,40.945,Quarter
T164_Y2018_Q2,2018,2,58.835,,Quarter
T164_Y2018_Q3,2018,3,56.55,58.835,Quarter
T164_Y2018_Q4,2018,4,58.07,56.55,Quarter
T164_Y2019_Q1,2019,1,58.98,58.07,Quarter
T164_Y2019_Q2,2019,2,58.349999999999994,58.98,Quarter
T164_Y2019_Q3,2019,3,61.17,58.349999999999994,Quarter
T164_Y2019_Q4,2019,4,65.41,61.17,Quarter
T164_Y2020_Q1,2020,1,64.35,65.41,Quarter
T164_Y2020_Q2,2020,2,61.175,64.35,Quarter
T164_Y2020_Q3,2020,3,61.035,61.175,Quarter
T164_Y2020_Q4,2020,4,57.305,61.035,Quarter
T165_Y2018_Q2,2018,2,41.75,,Quarter
T165_Y2018_Q3,2018,3,40.69,41.75,Quarter
T165_Y2018_Q4,2018,4,39.11,40.69,Quarter
T165_Y2019_Q1,2019,1,44.6,39.11,Quarter
T165_Y2019_Q2,2019,2,43.56,44.6,Quarter
T165_Y2019_Q3,2019,3,44.19,43.56,Quarter
T165_Y2019_Q4,2019,4,45.42,44.19,Quarter
T165_Y2020_Q1,2020,1,45.64,45.42,Quarter
T165_Y2020_Q2,2020,2,42.98,45.64,Quarter
T165_Y2020_Q3,2020,3,43.25,42.98,Quarter
T165_Y2020_Q4,2020,4,45.3,43.25,Quarter
T166_Y2018_Q2,2018,2,54.44,,Quarter
T166_Y2018_Q3,2018,3,61.445,54.44,Quarter
T166_Y2018_Q4,2018,4,53.78,61.445,Quarter
T166_Y2019_Q1,2019,1,58.925,53.78,Quarter
T166_Y2019_Q2,2019,2,55.8,58.925,Quarter
T166_Y2019_Q3,2019,3,59.66,55.8,Quarter
T166_Y2019_Q4,2019,4,60.17,59.66,Quarter
T166_Y2020_Q1,2020,1,60.54,60.17,Quarter
T166_Y2020_Q2,2020,2,57.87,60.54,Quarter
T166_Y2020_Q3,2020,3,59.205,57.87,Quarter
T166_Y2020_Q4,2020,4,59.155,59.205,Quarter
T167_Y2018_Q2,2018,2,45.3,,Quarter
T167_Y2018_Q3,2018,3,44.485,45.3,Quarter
T167_Y2018_Q4,2018,4,42.17,44.485,Quarter
T167_Y2019_Q1,2019,1,48.29,42.17,Quarter
T167_Y2019_Q2,2019,2,43.56,48.29,Quarter
T167_Y2019_Q3,2019,3,43.355000000000004,43.56,Quarter
T167_Y2019_Q4,2019,4,45.129999999999995,43.355000000000004,Quarter
T167_Y2020_Q1,2020,1,45.49,45.129999999999995,Quarter
T167_Y2020_Q2,2020,2,47.540000000000006,45.49,Quarter
T167_Y2020_Q3,2020,3,45.52,47.540000000000006,Quarter
T167_Y2020_Q4,2020,4,42.58,45.52,Quarter
T168_Y2018_Q2,2018,2,31.23,,Quarter
T168_Y2018_Q3,2018,3,32.93,31.23,Quarter
T168_Y2018_Q4,2018,4,31.38,32.93,Quarter
T168_Y2019_Q1,2019,1,31.025,31.38,Quarter
T168_Y2019_Q2,2019,2,31.04,31.025,Quarter
T168_Y2019_Q3,2019,3,32.7,31.04,Quarter
T168_Y2019_Q4,2019,4,32.355,32.7,Quarter
T168_Y2020_Q1,2020,1,34.144999999999996,32.355,Quarter
T168_Y2020_Q2,2020,2,33.555,34.144999999999996,Quarter
T168_Y2020_Q3,2020,3,32.0,33.555,Quarter
T168_Y2020_Q4,2020,4,34.22,32.0,Quarter
T169_Y2018_Q2,2018,2,56.265,,Quarter
T169_Y2018_Q3,2018,3,54.66,56.265,Quarter
T169_Y2018_Q4,2018,4,52.834999999999994,54.66,Quarter
T169_Y2019_Q1,2019,1,52.21,52.834999999999994,Quarter
T169_Y2019_Q2,2019,2,53.129999999999995,52.21,Quarter
T169_Y2019_Q3,2019,3,56.230000000000004,53.129999999999995,Quarter
T169_Y2019_Q4,2019,4,52.67,56.230000000000004,Quarter
T169_Y2020_Q1,2020,1,54.769999999999996,52.67,Quarter
T169_Y2020_Q2,2020,2,51.035,54.769999999999996,Quarter
T169_Y2020_Q3,2020,3,50.63,51.035,Quarter
T169_Y2020_Q4,2020,4,55.54,50.63,Quarter
T170_Y2018_Q2,2018,2,48.795,,Quarter
T170_Y2018_Q3,2018,3,43.45,48.795,Quarter
T170_Y2018_Q4,2018,4,44.870000000000005,43.45,Quarter
T170_Y2019_Q1,2019,1,46.12,44.870000000000005,Quarter
T170_Y2019_Q2,2019,2,44.78,46.12,Quarter
T170_Y2019_Q3,2019,3,46.76,44.78,Quarter
T170_Y2019_Q4,2019,4,47.0,46.76,Quarter
T170_Y2020_Q1,2020,1,47.59,47.0,Quarter
T170_Y2020_Q2,2020,2,44.765,47.59,Quarter
T170_Y2020_Q3,2020,3,42.81,44.765,Quarter
T170_Y2020_Q4,2020,4,45.32,42.81,Quarter
T171_Y2018_Q2,2018,2,32.47,,Quarter
T171_Y2018_Q3,2018,3,32.38,32.47,Quarter
T171_Y2018_Q4,2018,4,34.45,32.38,Quarter
T171_Y2019_Q1,2019,1,37.305,34.45,Quarter
T171_Y2019_Q2,2019,2,33.03,37.305,Quarter
T171_Y2019_Q3,2019,3,32.01,33.03,Quarter
T171_Y2019_Q4,2019,4,31.31,32.01,Quarter
T171_Y2020_Q1,2020,1,32.56,31.31,Quarter
T171_Y2020_Q2,2020,2,32.72,32.56,Quarter
T171_Y2020_Q3,2020,3,33.15,32.72,Quarter
T171_Y2020_Q4,2020,4,32.16,33.15,Quarter
T172_Y2018_Q2,2018,2,45.66,,Quarter
T172_Y2018_Q3,2018,3,45.63,45.66,Quarter
T172_Y2018_Q4,2018,4,47.035,45.63,Quarter
T172_Y2019_Q1,2019,1,50.46,47.035,Quarter
T172_Y2019_Q2,2019,2,44.77,50.46,Quarter
T172_Y2019_Q3,2019,3,49.34,44.77,Quarter
T172_Y2019_Q4,2019,4,45.13,49.34,Quarter
T172_Y2020_Q1,2020,1,44.39,45.13,Quarter
T172_Y2020_Q2,2020,2,48.769999999999996,44.39,Quarter
T172_Y2020_Q3,2020,3,46.89,48.769999999999996,Quarter
T172_Y2020_Q4,2020,4,47.93,46.89,Quarter
T173_Y2018_Q2,2018,2,43.32,,Quarter
T173_Y2018_Q3,2018,3,45.38,43.32,Quarter
T173_Y2018_Q4,2018,4,34.785,45.38,Quarter
T173_Y2019_Q1,2019,1,40.93,34.785,Quarter
T173_Y2019_Q2,2019,2,43.415000000000006,40.93,Quarter
T173_Y2019_Q3,2019,3,39.39,43.415000000000006,Quarter
T173_Y2019_Q4,2019,4,40.215,39.39,Quarter
T173_Y2020_Q1,2020,1,45.77,40.215,Quarter
T173_Y2020_Q2,2020,2,40.05,45.77,Quarter
T173_Y2020_Q3,2020,3,43.71,40.05,Quarter
T173_Y2020_Q4,2020,4,38.87,43.71,Quarter
T174_Y2018_Q2,2018,2,48.62,,Quarter
T174_Y2018_Q3,2018,3,47.63,48.62,Quarter
T174_Y2018_Q4,2018,4,45.385,47.63,Quarter
T174_Y2019_Q1,2019,1,44.625,45.385,Quarter
T174_Y2019_Q2,2019,2,45.985,44.625,Quarter
T174_Y2019_Q3,2019,3,45.45,45.985,Quarter
T174_Y2019_Q4,2019,4,46.08,45.45,Quarter
T174_Y2020_Q1,2020,1,48.16,46.08,Quarter
T174_Y2020_Q2,2020,2,50.39,48.16,Quarter
T174_Y2020_Q3,2020,3,46.035,50.39,Quarter
T174_Y2020_Q4,2020,4,47.405,46.035,Quarter
T175_Y2018_Q2,2018,2,33.71,,Quarter
T175_Y2018_Q3,2018,3,35.61,33.71,Quarter
T175_Y2018_Q4,2018,4,34.37,35.61,Quarter
T175_Y2019_Q1,2019,1,34.44,34.37,Quarter
T175_Y2019_Q2,2019,2,31.785,34.44,Quarter
T175_Y2019_Q3,2019,3,31.485,31.785,Quarter
T175_Y2019_Q4,2019,4,33.3,31.485,Quarter
T175_Y2020_Q1,2020,1,32.1,33.3,Quarter
T175_Y2020_Q2,2020,2,33.519999999999996,32.1,Quarter
T175_Y2020_Q3,2020,3,33.465,33.519999999999996,Quarter
T175_Y2020_Q4,2020,4,33.72,33.465,Quarter
T176_Y2018_Q2,2018,2,51.48,,Quarter
T176_Y2018_Q3,2018,3,52.6,51.48,Quarter
T176_Y2018_Q4,2018,4,52.495,52.6,Quarter
T176_Y2019_Q1,2019,1,53.16,52.495,Quarter
T176_Y2019_Q2,2019,2,52.32,53.16,Quarter
T176_Y2019_Q3,2019,3,50.53,52.32,Quarter
T176_Y2019_Q4,2019,4,55.945,50.53,Quarter
T176_Y2020_Q1,2020,1,51.095,55.945,Quarter
T176_Y2020_Q2,2020,2,51.01,51.095,Quarter
T176_Y2020_Q3,2020,3,51.935,51.01,Quarter
T176_Y2020_Q4,2020,4,51.135,51.935,Quarter
T177_Y2018_Q2,2018,2,47.095,,Quarter
T177_Y2018_Q3,2018,3,50.44,47.095,Quarter
T177_Y2018_Q4,2018,4,46.254999999999995,50.44,Quarter
T177_Y2019_Q1,2019,1,44.614999999999995,46.254999999999995,Quarter
T177_Y2019_Q2,2019,2,50.38,44.614999999999995,Quarter
T177_Y2019_Q3,2019,3,48.67,50.38,Quarter
T177_Y2019_Q4,2019,4,48.96,48.67,Quarter
T177_Y2020_Q1,2020,1,44.485,48.96,Quarter
T177_Y2020_Q2,2020,2,42.91,44.485,Quarter
T177_Y2020_Q3,2020,3,44.915,42.91,Quarter
T177_Y2020_Q4,2020,4,45.28,44.915,Quarter
T178_Y2018_Q2,2018,2,52.7,,Quarter
T178_Y2018_Q3,2018,3,53.7,52.7,Quarter
T178_Y2018_Q4,2018,4,53.16,53.7,Quarter
T178_Y2019_Q1,2019,1,50.6,53.16,Quarter
T178_Y2019_Q2,2019,2,54.54,50.6,Quarter
T178_Y2019_Q3,2019,3,49.45,54.54,Quarter
T178_Y2019_Q4,2019,4,49.73,49.45,Quarter
T178_Y2020_Q1,2020,1,52.01,49.73,Quarter
T178_Y2020_Q2,2020,2,52.870000000000005,52.01,Quarter
T178_Y2020_Q3,2020,3,54.27,52.870000000000005,Quarter
T178_Y2020_Q4,2020,4,52.375,54.27,Quarter
T179_Y2018_Q2,2018,2,43.31,,Quarter
T179_Y2018_Q3,2018,3,44.075,43.31,Quarter
T179_Y2018_Q4,2018,4,40.53,44.075,Quarter
T179_Y2019_Q1,2019,1,41.379999999999995,40.53,Quarter
T179_Y2019_Q2,2019,2,43.239999999999995,41.379999999999995,Quarter
T179_Y2019_Q3,2019,3,39.99,43.239999999999995,Quarter
T179_Y2019_Q4,2019,4,39.46,39.99,Quarter
T179_Y2020_Q1,2020,1,43.04,39.46,Quarter
T179_Y2020_Q2,2020,2,41.35,43.04,Quarter
T179_Y2020_Q3,2020,3,39.1,41.35,Quarter
T179_Y2020_Q4,2020,4,52.89,39.1,Quarter
T180_Y2018_Q2,2018,2,52.17,,Quarter
T180_Y2018_Q3,2018,3,50.38,52.17,Quarter
T180_Y2018_Q4,2018,4,49.03,50.38,Quarter
T180_Y2019_Q1,2019,1,50.754999999999995,49.03,Quarter
T180_Y2019_Q2,2019,2,54.44,50.754999999999995,Quarter
T180_Y2019_Q3,2019,3,50.995000000000005,54.44,Quarter
T180_Y2019_Q4,2019,4,50.515,50.995000000000005,Quarter
T180_Y2020_Q1,2020,1,49.72,50.515,Quarter
T180_Y2020_Q2,2020,2,54.144999999999996,49.72,Quarter
T180_Y2020_Q3,2020,3,51.8,54.144999999999996,Quarter
T180_Y2020_Q4,2020,4,49.68,51.8,Quarter
T181_Y2018_Q2,2018,2,43.075,,Quarter
T181_Y2018_Q3,2018,3,47.379999999999995,43.075,Quarter
T181_Y2018_Q4,2018,4,41.72,47.379999999999995,Quarter
T181_Y2019_Q1,2019,1,40.28,41.72,Quarter
T181_Y2019_Q2,2019,2,40.945,40.28,Quarter
T181_Y2019_Q3,2019,3,41.650000000000006,40.945,Quarter
T181_Y2019_Q4,2019,4,43.0,41.650000000000006,Quarter
T181_Y2020_Q1,2020,1,43.269999999999996,43.0,Quarter
T181_Y2020_Q2,2020,2,41.959999999999994,43.269999999999996,Quarter
T181_Y2020_Q3,2020,3,42.49,41.959999999999994,Quarter
T181_Y2020_Q4,2020,4,44.535,42.49,Quarter
T182_Y2018_Q2,2018,2,40.61,,Quarter
T182_Y2018_Q3,2018,3,38.37,40.61,Quarter
T182_Y2018_Q4,2018,4,41.575,38.37,Quarter
T182_Y2019_Q1,2019,1,37.795,41.575,Quarter
T182_Y2019_Q2,2019,2,40.475,37.795,Quarter
T182_Y2019_Q3,2019,3,40.77,40.475,Quarter
T182_Y2019_Q4,2019,4,36.32,40.77,Quarter
T182_Y2020_Q1,2020,1,42.955,36.32,Quarter
T182_Y2020_Q2,2020,2,41.53,42.955,Quarter
T182_Y2020_Q3,2020,3,41.96,41.53,Quarter
T182_Y2020_Q4,2020,4,40.395,41.96,Quarter
T183_Y2018_Q2,2018,2,36.245000000000005,,Quarter
T183_Y2018_Q3,2018,3,35.88,36.245000000000005,Quarter
T183_Y2018_Q4,2018,4,34.685,35.88,Quarter
T183_Y2019_Q1,2019,1,36.77,34.685,Quarter
T183_Y2019_Q2,2019,2,34.36,36.77,Quarter
T183_Y2019_Q3,2019,3,37.3,34.36,Quarter
T183_Y2019_Q4,2019,4,35.125,37.3,Quarter
T183_Y2020_Q1,2020,1,36.650000000000006,35.125,Quarter
T183_Y2020_Q2,2020,2,33.61,36.650000000000006,Quarter
T183_Y2020_Q3,2020,3,36.81,33.61,Quarter
T183_Y2020_Q4,2020,4,37.46,36.81,Quarter
T184_Y2018_Q2,2018,2,41.52,,Quarter
T184_Y2018_Q3,2018,3,39.129999999999995,41.52,Quarter
T184_Y2018_Q4,2018,4,41.480000000000004,39.129999999999995,Quarter
T184_Y2019_Q1,2019,1,37.115,41.480000000000004,Quarter
T184_Y2019_Q2,2019,2,38.69,37.115,Quarter
T184_Y2019_Q3,2019,3,39.7,38.69,Quarter
T184_Y2019_Q4,2019,4,37.09,39.7,Quarter
T184_Y2020_Q1,2020,1,43.575,37.09,Quarter
T184_Y2020_Q2,2020,2,41.55,43.575,Quarter
T184_Y2020_Q3,2020,3,39.71,41.55,Quarter
T184_Y2020_Q4,2020,4,40.69,39.71,Quarter
T185_Y2018_Q2,2018,2,23.83,,Quarter
T185_Y2018_Q3,2018,3,29.61,23.83,Quarter
T185_Y2018_Q4,2018,4,30.03,29.61,Quarter
T185_Y2019_Q1,2019,1,33.935,30.03,Quarter
T185_Y2019_Q2,2019,2,31.54,33.935,Quarter
T185_Y2019_Q3,2019,3,29.939999999999998,31.54,Quarter
T185_Y2019_Q4,2019,4,29.6,29.939999999999998,Quarter
T185_Y2020_Q1,2020,1,33.81,29.6,Quarter
T185_Y2020_Q2,2020,2,32.01,33.81,Quarter
T185_Y2020_Q3,2020,3,29.75,32.01,Quarter
T185_Y2020_Q4,2020,4,32.56,29.75,Quarter
T186_Y2018_Q2,2018,2,41.05,,Quarter
T186_Y2018_Q3,2018,3,45.96,41.05,Quarter
T186_Y2018_Q4,2018,4,43.75,45.96,Quarter
T186_Y2019_Q1,2019,1,42.16,43.75,Quarter
T186_Y2019_Q2,2019,2,41.349999999999994,42.16,Quarter
T186_Y2019_Q3,2019,3,44.93,41.349999999999994,Quarter
T186_Y2019_Q4,2019,4,43.01,44.93,Quarter
T186_Y2020_Q1,2020,1,40.834999999999994,43.01,Quarter
T186_Y2020_Q2,2020,2,42.49,40.834999999999994,Quarter
T186_Y2020_Q3,2020,3,44.11,42.49,Quarter
T186_Y2020_Q4,2020,4,39.06,44.11,Quarter
T187_Y2018_Q2,2018,2,45.07,,Quarter
T187_Y2018_Q3,2018,3,44.59,45.07,Quarter
T187_Y2018_Q4,2018,4,49.37,44.59,Quarter
T187_Y2019_Q1,2019,1,45.13,49.37,Quarter
T187_Y2019_Q2,2019,2,42.58,45.13,Quarter
T187_Y2019_Q3,2019,3,45.17,42.58,Quarter
T187_Y2019_Q4,2019,4,42.51,45.17,Quarter
T187_Y2020_Q1,2020,1,46.69,42.51,Quarter
T187_Y2020_Q2,2020,2,45.65,46.69,Quarter
T187_Y2020_Q3,2020,3,51.54,45.65,Quarter
T187_Y2020_Q4,2020,4,44.95,51.54,Quarter
T188_Y2018_Q2,2018,2,34.87,,Quarter
T188_Y2018_Q3,2018,3,33.92,34.87,Quarter
T188_Y2018_Q4,2018,4,32.885000000000005,33.92,Quarter
T188_Y2019_Q1,2019,1,34.825,32.885000000000005,Quarter
T188_Y2019_Q2,2019,2,32.955,34.825,Quarter
T188_Y2019_Q3,2019,3,30.53,32.955,Quarter
T188_Y2019_Q4,2019,4,34.765,30.53,Quarter
T188_Y2020_Q1,2020,1,32.15,34.765,Quarter
T188_Y2020_Q2,2020,2,31.27,32.15,Quarter
T188_Y2020_Q3,2020,3,31.98,31.27,Quarter
T188_Y2020_Q4,2020,4,31.21,31.98,Quarter
T189_Y2018_Q2,2018,2,48.55,,Quarter
T189_Y2018_Q3,2018,3,47.34,48.55,Quarter
T189_Y2018_Q4,2018,4,47.745000000000005,47.34,Quarter
T189_Y2019_Q1,2019,1,45.83,47.745000000000005,Quarter
T189_Y2019_Q2,2019,2,47.1,45.83,Quarter
T189_Y2019_Q3,2019,3,48.95,47.1,Quarter
T189_Y2019_Q4,2019,4,48.6,48.95,Quarter
T189_Y2020_Q1,2020,1,47.275,48.6,Quarter
T189_Y2020_Q2,2020,2,47.795,47.275,Quarter
T189_Y2020_Q3,2020,3,45.125,47.795,Quarter
T189_Y2020_Q4,2020,4,47.47,45.125,Quarter
T190_Y2018_Q2,2018,2,51.28,,Quarter
T190_Y2018_Q3,2018,3,50.5,51.28,Quarter
T190_Y2018_Q4,2018,4,52.82,50.5,Quarter
T190_Y2019_Q1,2019,1,54.04,52.82,Quarter
T190_Y2019_Q2,2019,2,53.75,54.04,Quarter
T190_Y2019_Q3,2019,3,55.11,53.75,Quarter
T190_Y2019_Q4,2019,4,55.22,55.11,Quarter
T190_Y2020_Q1,2020,1,48.14,55.22,Quarter
T190_Y2020_Q2,2020,2,50.49,48.14,Quarter
T190_Y2020_Q3,2020,3,54.68,50.49,Quarter
T190_Y2020_Q4,2020,4,51.23,54.68,Quarter
T191_Y2018_Q2,2018,2,47.76,,Quarter
T191_Y2018_Q3,2018,3,42.92,47.76,Quarter
T191_Y2018_Q4,2018,4,45.32,42.92,Quarter
T191_Y2019_Q1,2019,1,41.79,45.32,Quarter
T191_Y2019_Q2,2019,2,45.335,41.79,Quarter
T191_Y2019_Q3,2019,3,43.66,45.335,Quarter
T191_Y2019_Q4,2019,4,45.1,43.66,Quarter
T191_Y2020_Q1,2020,1,43.644999999999996,45.1,Quarter
T191_Y2020_Q2,2020,2,46.66,43.644999999999996,Quarter
T191_Y2020_Q3,2020,3,41.760000000000005,46.66,Quarter
T191_Y2020_Q4,2020,4,44.53,41.760000000000005,Quarter
T192_Y2018_Q2,2018,2,51.78,,Quarter
T192_Y2018_Q3,2018,3,53.96,51.78,Quarter
T192_Y2018_Q4,2018,4,49.275,53.96,Quarter
T192_Y2019_Q1,2019,1,51.47,49.275,Quarter
T192_Y2019_Q2,2019,2,51.06,51.47,Quarter
T192_Y2019_Q3,2019,3,49.205,51.06,Quarter
T192_Y2019_Q4,2019,4,50.13,49.205,Quarter
T192_Y2020_Q1,2020,1,51.26,50.13,Quarter
T192_Y2020_Q2,2020,2,52.05,51.26,Quarter
T192_Y2020_Q3,2020,3,52.65,52.05,Quarter
T192_Y2020_Q4,2020,4,51.58,52.65,Quarter
T193_Y2018_Q2,2018,2,49.4,,Quarter
T193_Y2018_Q3,2018,3,52.36,49.4,Quarter
T193_Y2018_Q4,2018,4,53.595,52.36,Quarter
T193_Y2019_Q1,2019,1,53.084999999999994,53.595,Quarter
T193_Y2019_Q2,2019,2,51.370000000000005,53.084999999999994,Quarter
T193_Y2019_Q3,2019,3,52.665,51.370000000000005,Quarter
T193_Y2019_Q4,2019,4,55.27,52.665,Quarter
T193_Y2020_Q1,2020,1,52.04,55.27,Quarter
T193_Y2020_Q2,2020,2,50.72,52.04,Quarter
T193_Y2020_Q3,2020,3,57.75,50.72,Quarter
T193_Y2020_Q4,2020,4,55.65,57.75,Quarter
T194_Y2018_Q2,2018,2,51.25,,Quarter
T194_Y2018_Q3,2018,3,51.58,51.25,Quarter
T194_Y2018_Q4,2018,4,53.12,51.58,Quarter
T194_Y2019_Q1,2019,1,49.54,53.12,Quarter
T194_Y2019_Q2,2019,2,49.91,49.54,Quarter
T194_Y2019_Q3,2019,3,53.97,49.91,Quarter
T194_Y2019_Q4,2019,4,49.97,53.97,Quarter
T194_Y2020_Q1,2020,1,54.09,49.97,Quarter
T194_Y2020_Q2,2020,2,47.08,54.09,Quarter
T194_Y2020_Q3,2020,3,47.815,47.08,Quarter
T194_Y2020_Q4,2020,4,48.815,47.815,Quarter
T195_Y2018_Q2,2018,2,38.724999999999994,,Quarter
T195_Y2018_Q3,2018,3,41.04,38.724999999999994,Quarter
T195_Y2018_Q4,2018,4,41.415000000000006,41.04,Quarter
T195_Y2019_Q1,2019,1,40.575,41.415000000000006,Quarter
T195_Y2019_Q2,2019,2,42.805,40.575,Quarter
T195_Y2019_Q3,2019,3,41.459999999999994,42.805,Quarter
T195_Y2019_Q4,2019,4,39.9,41.459999999999994,Quarter
T195_Y2020_Q1,2020,1,42.23,39.9,Quarter
T195_Y2020_Q2,2020,2,37.3,42.23,Quarter
T195_Y2020_Q3,2020,3,41.61,37.3,Quarter
T195_Y2020_Q4,2020,4,40.15,41.61,Quarter
T196_Y2018_Q2,2018,2,41.364999999999995,,Quarter
T196_Y2018_Q3,2018,3,41.7,41.364999999999995,Quarter
T196_Y2018_Q4,2018,4,42.055,41.7,Quarter
T196_Y2019_Q1,2019,1,36.255,42.055,Quarter
T196_Y2019_Q2,2019,2,37.93,36.255,Quarter
T196_Y2019_Q3,2019,3,35.945,37.93,Quarter
T196_Y2019_Q4,2019,4,40.06,35.945,Quarter
T196_Y2020_Q1,2020,1,38.43,40.06,Quarter
T196_Y2020_Q2,2020,2,39.905,38.43,Quarter
T196_Y2020_Q3,2020,3,38.385,39.905,Quarter
T196_Y2020_Q4,2020,4,37.36,38.385,Quarter
T197_Y2018_Q2,2018,2,42.455,,Quarter
T197_Y2018_Q3,2018,3,44.825,42.455,Quarter
T197_Y2018_Q4,2018,4,47.49,44.825,Quarter
T197_Y2019_Q1,2019,1,47.71,47.49,Quarter
T197_Y2019_Q2,2019,2,44.84,47.71,Quarter
T197_Y2019_Q3,2019,3,44.21,44.84,Quarter
T197_Y2019_Q4,2019,4,44.13,44.21,Quarter
T197_Y2020_Q1,2020,1,43.675,44.13,Quarter
T197_Y2020_Q2,2020,2,44.72,43.675,Quarter
T197_Y2020_Q3,2020,3,44.335,44.72,Quarter
T197_Y2020_Q4,2020,4,46.14,44.335,Quarter
T198_Y2018_Q2,2018,2,41.81,,Quarter
T198_Y2018_Q3,2018,3,45.655,41.81,Quarter
T198_Y2018_Q4,2018,4,47.075,45.655,Quarter
T198_Y2019_Q1,2019,1,46.81,47.075,Quarter
T198_Y2019_Q2,2019,2,46.55,46.81,Quarter
T198_Y2019_Q3,2019,3,43.64,46.55,Quarter
T198_Y2019_Q4,2019,4,43.76,43.64,Quarter
T198_Y2020_Q1,2020,1,45.57,43.76,Quarter
T198_Y2020_Q2,2020,2,44.715,45.57,Quarter
T198_Y2020_Q3,2020,3,48.56,44.715,Quarter
T198_Y2020_Q4,2020,4,45.39,48.56,Quarter
T199_Y2018_Q2,2018,2,60.2,,Quarter
T199_Y2018_Q3,2018,3,66.9,60.2,Quarter
T199_Y2018_Q4,2018,4,63.08,66.9,Quarter
T199_Y2019_Q1,2019,1,65.55,63.08,Quarter
T199_Y2019_Q2,2019,2,65.83,65.55,Quarter
T199_Y2019_Q3,2019,3,69.455,65.83,Quarter
T199_Y2019_Q4,2019,4,65.99,69.455,Quarter
T199_Y2020_Q1,2020,1,66.17500000000001,65.99,Quarter
T199_Y2020_Q2,2020,2,64.09,66.17500000000001,Quarter
T199_Y2020_Q3,2020,3,63.56,64.09,Quarter
T199_Y2020_Q4,2020,4,67.36500000000001,63.56,Quarter
