quarterId:ID(Quarter),year,quarter,current_median,prev_median,:LABEL
T0_Y2018_Q2,2018,2,39.185,,Quarter
T0_Y2018_Q3,2018,3,37.41,39.185,Quarter
T0_Y2018_Q4,2018,4,38.53,37.41,Quarter
T0_Y2019_Q1,2019,1,39.49,38.53,Quarter
T0_Y2019_Q2,2019,2,39.99,39.49,Quarter
T0_Y2019_Q3,2019,3,39.31999999999999,39.99,Quarter
T0_Y2019_Q4,2019,4,38.370000000000005,39.31999999999999,Quarter
T0_Y2020_Q1,2020,1,40.71,38.370000000000005,Quarter
T0_Y2020_Q2,2020,2,41.32,40.71,Quarter
T0_Y2020_Q3,2020,3,42.72,41.32,Quarter
T0_Y2020_Q4,2020,4,41.15,42.72,Quarter
T1_Y2018_Q2,2018,2,73.155,,Quarter
T1_Y2018_Q3,2018,3,75.66499999999999,73.155,Quarter
T1_Y2018_Q4,2018,4,74.775,75.66499999999999,Quarter
T1_Y2019_Q1,2019,1,72.37,74.775,Quarter
T1_Y2019_Q2,2019,2,73.49,72.37,Quarter
T1_Y2019_Q3,2019,3,73.35,73.49,Quarter
T1_Y2019_Q4,2019,4,74.35,73.35,Quarter
T1_Y2020_Q1,2020,1,73.11,74.35,Quarter
T1_Y2020_Q2,2020,2,72.26,73.11,Quarter
T1_Y2020_Q3,2020,3,78.98,72.26,Quarter
T1_Y2020_Q4,2020,4,78.26,78.98,Quarter
T2_Y2018_Q2,2018,2,50.81,,Quarter
T2_Y2018_Q3,2018,3,50.065,50.81,Quarter
T2_Y2018_Q4,2018,4,50.010000000000005,50.065,Quarter
T2_Y2019_Q1,2019,1,49.22,50.010000000000005,Quarter
T2_Y2019_Q2,2019,2,49.93,49.22,Quarter
T2_Y2019_Q3,2019,3,49.385,49.93,Quarter
T2_Y2019_Q4,2019,4,55.31,49.385,Quarter
T2_Y2020_Q1,2020,1,49.72,55.31,Quarter
T2_Y2020_Q2,2020,2,53.57,49.72,Quarter
T2_Y2020_Q3,2020,3,46.95,53.57,Quarter
T2_Y2020_Q4,2020,4,49.82,46.95,Quarter
T3_Y2018_Q2,2018,2,59.69,,Quarter
T3_Y2018_Q3,2018,3,62.665,59.69,Quarter
T3_Y2018_Q4,2018,4,61.295,62.665,Quarter
T3_Y2019_Q1,2019,1,59.22,61.295,Quarter
T3_Y2019_Q2,2019,2,61.83,59.22,Quarter
T3_Y2019_Q3,2019,3,60.12,61.83,Quarter
T3_Y2019_Q4,2019,4,61.92,60.12,Quarter
T3_Y2020_Q1,2020,1,61.415,61.92,Quarter
T3_Y2020_Q2,2020,2,60.87,61.415,Quarter
T3_Y2020_Q3,2020,3,61.825,60.87,Quarter
T3_Y2020_Q4,2020,4,61.11,61.825,Quarter
T4_Y2018_Q2,2018,2,58.56,,Quarter
T4_Y2018_Q3,2018,3,58.73,58.56,Quarter
T4_Y2018_Q4,2018,4,57.86,58.73,Quarter
T4_Y2019_Q1,2019,1,54.185,57.86,Quarter
T4_Y2019_Q2,2019,2,55.41,54.185,Quarter
T4_Y2019_Q3,2019,3,57.96,55.41,Quarter
T4_Y2019_Q4,2019,4,54.96,57.96,Quarter
T4_Y2020_Q1,2020,1,55.5,54.96,Quarter
T4_Y2020_Q2,2020,2,55.12,55.5,Quarter
T4_Y2020_Q3,2020,3,57.59,55.12,Quarter
T4_Y2020_Q4,2020,4,56.22,57.59,Quarter
T5_Y2018_Q2,2018,2,54.995000000000005,,Quarter
T5_Y2018_Q3,2018,3,53.735,54.995000000000005,Quarter
T5_Y2018_Q4,2018,4,57.94,53.735,Quarter
T5_Y2019_Q1,2019,1,58.315,57.94,Quarter
T5_Y2019_Q2,2019,2,56.0,58.315,Quarter
T5_Y2019_Q3,2019,3,58.09,56.0,Quarter
T5_Y2019_Q4,2019,4,58.27,58.09,Quarter
T5_Y2020_Q1,2020,1,56.14,58.27,Quarter
T5_Y2020_Q2,2020,2,55.905,56.14,Quarter
T5_Y2020_Q3,2020,3,58.155,55.905,Quarter
T5_Y2020_Q4,2020,4,57.30500000000001,58.155,Quarter
T6_Y2018_Q2,2018,2,46.58,,Quarter
T6_Y2018_Q3,2018,3,50.120000000000005,46.58,Quarter
T6_Y2018_Q4,2018,4,46.84,50.120000000000005,Quarter
T6_Y2019_Q1,2019,1,48.43,46.84,Quarter
T6_Y2019_Q2,2019,2,48.08,48.43,Quarter
T6_Y2019_Q3,2019,3,46.73,48.08,Quarter
T6_Y2019_Q4,2019,4,50.69,46.73,Quarter
T6_Y2020_Q1,2020,1,49.135,50.69,Quarter
T6_Y2020_Q2,2020,2,49.61,49.135,Quarter
T6_Y2020_Q3,2020,3,45.5,49.61,Quarter
T6_Y2020_Q4,2020,4,45.485,45.5,Quarter
T7_Y2018_Q2,2018,2,63.52,,Quarter
T7_Y2018_Q3,2018,3,62.43,63.52,Quarter
T7_Y2018_Q4,2018,4,61.535,62.43,Quarter
T7_Y2019_Q1,2019,1,62.23,61.535,Quarter
T7_Y2019_Q2,2019,2,62.54,62.23,Quarter
T7_Y2019_Q3,2019,3,63.05,62.54,Quarter
T7_Y2019_Q4,2019,4,64.33,63.05,Quarter
T7_Y2020_Q1,2020,1,61.93,64.33,Quarter
T7_Y2020_Q2,2020,2,62.835,61.93,Quarter
T7_Y2020_Q3,2020,3,59.58,62.835,Quarter
T7_Y2020_Q4,2020,4,63.25,59.58,Quarter
T8_Y2018_Q2,2018,2,50.03,,Quarter
T8_Y2018_Q3,2018,3,46.66,50.03,Quarter
T8_Y2018_Q4,2018,4,48.72,46.66,Quarter
T8_Y2019_Q1,2019,1,50.96,48.72,Quarter
T8_Y2019_Q2,2019,2,50.665,50.96,Quarter
T8_Y2019_Q3,2019,3,47.545,50.665,Quarter
T8_Y2019_Q4,2019,4,51.235,47.545,Quarter
T8_Y2020_Q1,2020,1,45.94,51.235,Quarter
T8_Y2020_Q2,2020,2,48.47,45.94,Quarter
T8_Y2020_Q3,2020,3,50.94,48.47,Quarter
T8_Y2020_Q4,2020,4,48.57,50.94,Quarter
T9_Y2018_Q2,2018,2,12.12,,Quarter
T9_Y2018_Q3,2018,3,12.65,12.12,Quarter
T9_Y2018_Q4,2018,4,12.26,12.65,Quarter
T9_Y2019_Q1,2019,1,13.120000000000001,12.26,Quarter
T9_Y2019_Q2,2019,2,11.74,13.120000000000001,Quarter
T9_Y2019_Q3,2019,3,11.190000000000001,11.74,Quarter
T9_Y2019_Q4,2019,4,11.8,11.190000000000001,Quarter
T9_Y2020_Q1,2020,1,11.809999999999999,11.8,Quarter
T9_Y2020_Q2,2020,2,11.66,11.809999999999999,Quarter
T9_Y2020_Q3,2020,3,11.280000000000001,11.66,Quarter
T9_Y2020_Q4,2020,4,11.49,11.280000000000001,Quarter
T10_Y2018_Q2,2018,2,38.57,,Quarter
T10_Y2018_Q3,2018,3,37.7,38.57,Quarter
T10_Y2018_Q4,2018,4,38.77,37.7,Quarter
T10_Y2019_Q1,2019,1,37.65,38.77,Quarter
T10_Y2019_Q2,2019,2,36.465,37.65,Quarter
T10_Y2019_Q3,2019,3,39.155,36.465,Quarter
T10_Y2019_Q4,2019,4,36.94,39.155,Quarter
T10_Y2020_Q1,2020,1,39.1,36.94,Quarter
T10_Y2020_Q2,2020,2,37.760000000000005,39.1,Quarter
T10_Y2020_Q3,2020,3,37.17,37.760000000000005,Quarter
T10_Y2020_Q4,2020,4,36.68,37.17,Quarter
T11_Y2018_Q2,2018,2,47.88,,Quarter
T11_Y2018_Q3,2018,3,51.035,47.88,Quarter
T11_Y2018_Q4,2018,4,50.075,51.035,Quarter
T11_Y2019_Q1,2019,1,45.555,50.075,Quarter
T11_Y2019_Q2,2019,2,49.085,45.555,Quarter
T11_Y2019_Q3,2019,3,48.06,49.085,Quarter
T11_Y2019_Q4,2019,4,46.16,48.06,Quarter
T11_Y2020_Q1,2020,1,47.12,46.16,Quarter
T11_Y2020_Q2,2020,2,45.465,47.12,Quarter
T11_Y2020_Q3,2020,3,48.34,45.465,Quarter
T11_Y2020_Q4,2020,4,47.209999999999994,48.34,Quarter
T12_Y2018_Q2,2018,2,41.69,,Quarter
T12_Y2018_Q3,2018,3,39.68,41.69,Quarter
T12_Y2018_Q4,2018,4,41.23,39.68,Quarter
T12_Y2019_Q1,2019,1,43.135000000000005,41.23,Quarter
T12_Y2019_Q2,2019,2,43.41,43.135000000000005,Quarter
T12_Y2019_Q3,2019,3,40.96,43.41,Quarter
T12_Y2019_Q4,2019,4,42.03,40.96,Quarter
T12_Y2020_Q1,2020,1,38.225,42.03,Quarter
T12_Y2020_Q2,2020,2,40.26,38.225,Quarter
T12_Y2020_Q3,2020,3,44.38,40.26,Quarter
T12_Y2020_Q4,2020,4,42.89,44.38,Quarter
T13_Y2018_Q2,2018,2,52.66,,Quarter
T13_Y2018_Q3,2018,3,53.65,52.66,Quarter
T13_Y2018_Q4,2018,4,49.2,53.65,Quarter
T13_Y2019_Q1,2019,1,54.42,49.2,Quarter
T13_Y2019_Q2,2019,2,55.9,54.42,Quarter
T13_Y2019_Q3,2019,3,56.849999999999994,55.9,Quarter
T13_Y2019_Q4,2019,4,54.584999999999994,56.849999999999994,Quarter
T13_Y2020_Q1,2020,1,50.81,54.584999999999994,Quarter
T13_Y2020_Q2,2020,2,53.355000000000004,50.81,Quarter
T13_Y2020_Q3,2020,3,58.72,53.355000000000004,Quarter
T13_Y2020_Q4,2020,4,51.275,58.72,Quarter
T14_Y2018_Q2,2018,2,46.28,,Quarter
T14_Y2018_Q3,2018,3,48.58,46.28,Quarter
T14_Y2018_Q4,2018,4,46.815,48.58,Quarter
T14_Y2019_Q1,2019,1,47.59,46.815,Quarter
T14_Y2019_Q2,2019,2,46.75,47.59,Quarter
T14_Y2019_Q3,2019,3,48.63,46.75,Quarter
T14_Y2019_Q4,2019,4,51.425,48.63,Quarter
T14_Y2020_Q1,2020,1,46.394999999999996,51.425,Quarter
T14_Y2020_Q2,2020,2,50.525000000000006,46.394999999999996,Quarter
T14_Y2020_Q3,2020,3,50.12,50.525000000000006,Quarter
T14_Y2020_Q4,2020,4,46.57,50.12,Quarter
T15_Y2018_Q2,2018,2,39.78,,Quarter
T15_Y2018_Q3,2018,3,40.185,39.78,Quarter
T15_Y2018_Q4,2018,4,37.68,40.185,Quarter
T15_Y2019_Q1,2019,1,38.68,37.68,Quarter
T15_Y2019_Q2,2019,2,41.16,38.68,Quarter
T15_Y2019_Q3,2019,3,40.075,41.16,Quarter
T15_Y2019_Q4,2019,4,38.17,40.075,Quarter
T15_Y2020_Q1,2020,1,36.14,38.17,Quarter
T15_Y2020_Q2,2020,2,38.42,36.14,Quarter
T15_Y2020_Q3,2020,3,37.03,38.42,Quarter
T15_Y2020_Q4,2020,4,40.09,37.03,Quarter
T16_Y2018_Q2,2018,2,26.01,,Quarter
T16_Y2018_Q3,2018,3,25.83,26.01,Quarter
T16_Y2018_Q4,2018,4,24.01,25.83,Quarter
T16_Y2019_Q1,2019,1,25.725,24.01,Quarter
T16_Y2019_Q2,2019,2,25.92,25.725,Quarter
T16_Y2019_Q3,2019,3,26.05,25.92,Quarter
T16_Y2019_Q4,2019,4,24.77,26.05,Quarter
T16_Y2020_Q1,2020,1,27.45,24.77,Quarter
T16_Y2020_Q2,2020,2,24.884999999999998,27.45,Quarter
T16_Y2020_Q3,2020,3,25.94,24.884999999999998,Quarter
T16_Y2020_Q4,2020,4,25.035,25.94,Quarter
T17_Y2018_Q2,2018,2,66.95,,Quarter
T17_Y2018_Q3,2018,3,67.68,66.95,Quarter
T17_Y2018_Q4,2018,4,64.61,67.68,Quarter
T17_Y2019_Q1,2019,1,63.4,64.61,Quarter
T17_Y2019_Q2,2019,2,66.38499999999999,63.4,Quarter
T17_Y2019_Q3,2019,3,65.47,66.38499999999999,Quarter
T17_Y2019_Q4,2019,4,64.28,65.47,Quarter
T17_Y2020_Q1,2020,1,65.22,64.28,Quarter
T17_Y2020_Q2,2020,2,64.64,65.22,Quarter
T17_Y2020_Q3,2020,3,65.4,64.64,Quarter
T17_Y2020_Q4,2020,4,66.69,65.4,Quarter
T18_Y2018_Q2,2018,2,20.08,,Quarter
T18_Y2018_Q3,2018,3,20.515,20.08,Quarter
T18_Y2018_Q4,2018,4,18.62,20.515,Quarter
T18_Y2019_Q1,2019,1,19.77,18.62,Quarter
T18_Y2019_Q2,2019,2,20.45,19.77,Quarter
T18_Y2019_Q3,2019,3,18.909999999999997,20.45,Quarter
T18_Y2019_Q4,2019,4,19.700000000000003,18.909999999999997,Quarter
T18_Y2020_Q1,2020,1,19.14,19.700000000000003,Quarter
T18_Y2020_Q2,2020,2,18.9,19.14,Quarter
T18_Y2020_Q3,2020,3,18.785,18.9,Quarter
T18_Y2020_Q4,2020,4,18.65,18.785,Quarter
T19_Y2018_Q2,2018,2,44.22,,Quarter
T19_Y2018_Q3,2018,3,42.150000000000006,44.22,Quarter
T19_Y2018_Q4,2018,4,47.155,42.150000000000006,Quarter
T19_Y2019_Q1,2019,1,42.935,47.155,Quarter
T19_Y2019_Q2,2019,2,43.16,42.935,Quarter
T19_Y2019_Q3,2019,3,44.63,43.16,Quarter
T19_Y2019_Q4,2019,4,44.93,44.63,Quarter
T19_Y2020_Q1,2020,1,44.21,44.93,Quarter
T19_Y2020_Q2,2020,2,41.965,44.21,Quarter
T19_Y2020_Q3,2020,3,44.21,41.965,Quarter
T19_Y2020_Q4,2020,4,42.53,44.21,Quarter
T20_Y2018_Q2,2018,2,51.3,,Quarter
T20_Y2018_Q3,2018,3,51.25,51.3,Quarter
T20_Y2018_Q4,2018,4,50.04,51.25,Quarter
T20_Y2019_Q1,2019,1,50.47,50.04,Quarter
T20_Y2019_Q2,2019,2,48.53,50.47,Quarter
T20_Y2019_Q3,2019,3,48.675,48.53,Quarter
T20_Y2019_Q4,2019,4,48.42,48.675,Quarter
T20_Y2020_Q1,2020,1,48.015,48.42,Quarter
T20_Y2020_Q2,2020,2,48.735,48.015,Quarter
T20_Y2020_Q3,2020,3,53.01,48.735,Quarter
T20_Y2020_Q4,2020,4,47.775,53.01,Quarter
T21_Y2018_Q2,2018,2,59.17,,Quarter
T21_Y2018_Q3,2018,3,56.215,59.17,Quarter
T21_Y2018_Q4,2018,4,63.73,56.215,Quarter
T21_Y2019_Q1,2019,1,60.25,63.73,Quarter
T21_Y2019_Q2,2019,2,61.004999999999995,60.25,Quarter
T21_Y2019_Q3,2019,3,64.91999999999999,61.004999999999995,Quarter
T21_Y2019_Q4,2019,4,63.85,64.91999999999999,Quarter
T21_Y2020_Q1,2020,1,65.785,63.85,Quarter
T21_Y2020_Q2,2020,2,57.94,65.785,Quarter
T21_Y2020_Q3,2020,3,65.94,57.94,Quarter
T21_Y2020_Q4,2020,4,61.94,65.94,Quarter
T22_Y2018_Q2,2018,2,39.19,,Quarter
T22_Y2018_Q3,2018,3,46.425,39.19,Quarter
T22_Y2018_Q4,2018,4,43.06,46.425,Quarter
T22_Y2019_Q1,2019,1,39.85,43.06,Quarter
T22_Y2019_Q2,2019,2,43.87,39.85,Quarter
T22_Y2019_Q3,2019,3,44.26,43.87,Quarter
T22_Y2019_Q4,2019,4,38.59,44.26,Quarter
T22_Y2020_Q1,2020,1,47.129999999999995,38.59,Quarter
T22_Y2020_Q2,2020,2,37.705,47.129999999999995,Quarter
T22_Y2020_Q3,2020,3,47.0,37.705,Quarter
T22_Y2020_Q4,2020,4,45.485,47.0,Quarter
T23_Y2018_Q2,2018,2,46.92,,Quarter
T23_Y2018_Q3,2018,3,45.120000000000005,46.92,Quarter
T23_Y2018_Q4,2018,4,47.01,45.120000000000005,Quarter
T23_Y2019_Q1,2019,1,46.29,47.01,Quarter
T23_Y2019_Q2,2019,2,45.81,46.29,Quarter
T23_Y2019_Q3,2019,3,44.885000000000005,45.81,Quarter
T23_Y2019_Q4,2019,4,43.019999999999996,44.885000000000005,Quarter
T23_Y2020_Q1,2020,1,42.805,43.019999999999996,Quarter
T23_Y2020_Q2,2020,2,45.025000000000006,42.805,Quarter
T23_Y2020_Q3,2020,3,43.475,45.025000000000006,Quarter
T23_Y2020_Q4,2020,4,45.84,43.475,Quarter
T24_Y2018_Q2,2018,2,50.34,,Quarter
T24_Y2018_Q3,2018,3,49.21,50.34,Quarter
T24_Y2018_Q4,2018,4,49.38,49.21,Quarter
T24_Y2019_Q1,2019,1,47.95,49.38,Quarter
T24_Y2019_Q2,2019,2,51.225,47.95,Quarter
T24_Y2019_Q3,2019,3,50.34,51.225,Quarter
T24_Y2019_Q4,2019,4,49.91,50.34,Quarter
T24_Y2020_Q1,2020,1,49.5,49.91,Quarter
T24_Y2020_Q2,2020,2,52.9,49.5,Quarter
T24_Y2020_Q3,2020,3,50.94499999999999,52.9,Quarter
T24_Y2020_Q4,2020,4,49.98,50.94499999999999,Quarter
T25_Y2018_Q2,2018,2,61.010000000000005,,Quarter
T25_Y2018_Q3,2018,3,63.73,61.010000000000005,Quarter
T25_Y2018_Q4,2018,4,61.39,63.73,Quarter
T25_Y2019_Q1,2019,1,64.68,61.39,Quarter
T25_Y2019_Q2,2019,2,63.25,64.68,Quarter
T25_Y2019_Q3,2019,3,60.989999999999995,63.25,Quarter
T25_Y2019_Q4,2019,4,59.96,60.989999999999995,Quarter
T25_Y2020_Q1,2020,1,62.57,59.96,Quarter
T25_Y2020_Q2,2020,2,63.71,62.57,Quarter
T25_Y2020_Q3,2020,3,62.17,63.71,Quarter
T25_Y2020_Q4,2020,4,60.230000000000004,62.17,Quarter
T26_Y2018_Q2,2018,2,42.504999999999995,,Quarter
T26_Y2018_Q3,2018,3,43.66,42.504999999999995,Quarter
T26_Y2018_Q4,2018,4,42.23,43.66,Quarter
T26_Y2019_Q1,2019,1,45.41,42.23,Quarter
T26_Y2019_Q2,2019,2,40.885,45.41,Quarter
T26_Y2019_Q3,2019,3,42.385000000000005,40.885,Quarter
T26_Y2019_Q4,2019,4,46.08,42.385000000000005,Quarter
T26_Y2020_Q1,2020,1,39.52,46.08,Quarter
T26_Y2020_Q2,2020,2,41.625,39.52,Quarter
T26_Y2020_Q3,2020,3,39.64,41.625,Quarter
T26_Y2020_Q4,2020,4,42.63,39.64,Quarter
T27_Y2018_Q2,2018,2,18.48,,Quarter
T27_Y2018_Q3,2018,3,17.225,18.48,Quarter
T27_Y2018_Q4,2018,4,18.19,17.225,Quarter
T27_Y2019_Q1,2019,1,16.91,18.19,Quarter
T27_Y2019_Q2,2019,2,17.23,16.91,Quarter
T27_Y2019_Q3,2019,3,18.23,17.23,Quarter
T27_Y2019_Q4,2019,4,17.67,18.23,Quarter
T27_Y2020_Q1,2020,1,16.77,17.67,Quarter
T27_Y2020_Q2,2020,2,19.645,16.77,Quarter
T27_Y2020_Q3,2020,3,18.509999999999998,19.645,Quarter
T27_Y2020_Q4,2020,4,18.345,18.509999999999998,Quarter
T28_Y2018_Q2,2018,2,81.27,,Quarter
T28_Y2018_Q3,2018,3,80.75,81.27,Quarter
T28_Y2018_Q4,2018,4,78.19999999999999,80.75,Quarter
T28_Y2019_Q1,2019,1,80.56,78.19999999999999,Quarter
T28_Y2019_Q2,2019,2,77.42,80.56,Quarter
T28_Y2019_Q3,2019,3,75.62,77.42,Quarter
T28_Y2019_Q4,2019,4,80.8,75.62,Quarter
T28_Y2020_Q1,2020,1,78.02,80.8,Quarter
T28_Y2020_Q2,2020,2,76.07499999999999,78.02,Quarter
T28_Y2020_Q3,2020,3,76.49,76.07499999999999,Quarter
T28_Y2020_Q4,2020,4,78.18,76.49,Quarter
T29_Y2018_Q2,2018,2,60.019999999999996,,Quarter
T29_Y2018_Q3,2018,3,56.15,60.019999999999996,Quarter
T29_Y2018_Q4,2018,4,58.724999999999994,56.15,Quarter
T29_Y2019_Q1,2019,1,57.37,58.724999999999994,Quarter
T29_Y2019_Q2,2019,2,57.86,57.37,Quarter
T29_Y2019_Q3,2019,3,58.03,57.86,Quarter
T29_Y2019_Q4,2019,4,59.55,58.03,Quarter
T29_Y2020_Q1,2020,1,58.64,59.55,Quarter
T29_Y2020_Q2,2020,2,58.545,58.64,Quarter
T29_Y2020_Q3,2020,3,60.345,58.545,Quarter
T29_Y2020_Q4,2020,4,58.36,60.345,Quarter
T30_Y2018_Q2,2018,2,53.35,,Quarter
T30_Y2018_Q3,2018,3,52.575,53.35,Quarter
T30_Y2018_Q4,2018,4,48.33,52.575,Quarter
T30_Y2019_Q1,2019,1,51.97,48.33,Quarter
T30_Y2019_Q2,2019,2,52.53,51.97,Quarter
T30_Y2019_Q3,2019,3,52.21,52.53,Quarter
T30_Y2019_Q4,2019,4,51.375,52.21,Quarter
T30_Y2020_Q1,2020,1,48.73,51.375,Quarter
T30_Y2020_Q2,2020,2,51.08,48.73,Quarter
T30_Y2020_Q3,2020,3,49.9,51.08,Quarter
T30_Y2020_Q4,2020,4,47.73,49.9,Quarter
T31_Y2018_Q2,2018,2,37.12,,Quarter
T31_Y2018_Q3,2018,3,39.16,37.12,Quarter
T31_Y2018_Q4,2018,4,39.1,39.16,Quarter
T31_Y2019_Q1,2019,1,38.93,39.1,Quarter
T31_Y2019_Q2,2019,2,36.29,38.93,Quarter
T31_Y2019_Q3,2019,3,36.945,36.29,Quarter
T31_Y2019_Q4,2019,4,37.504999999999995,36.945,Quarter
T31_Y2020_Q1,2020,1,40.76,37.504999999999995,Quarter
T31_Y2020_Q2,2020,2,38.4,40.76,Quarter
T31_Y2020_Q3,2020,3,38.905,38.4,Quarter
T31_Y2020_Q4,2020,4,38.364999999999995,38.905,Quarter
T32_Y2018_Q2,2018,2,39.7,,Quarter
T32_Y2018_Q3,2018,3,36.18,39.7,Quarter
T32_Y2018_Q4,2018,4,34.87,36.18,Quarter
T32_Y2019_Q1,2019,1,35.545,34.87,Quarter
T32_Y2019_Q2,2019,2,37.37,35.545,Quarter
T32_Y2019_Q3,2019,3,36.015,37.37,Quarter
T32_Y2019_Q4,2019,4,37.5,36.015,Quarter
T32_Y2020_Q1,2020,1,38.11,37.5,Quarter
T32_Y2020_Q2,2020,2,37.260000000000005,38.11,Quarter
T32_Y2020_Q3,2020,3,37.785,37.260000000000005,Quarter
T32_Y2020_Q4,2020,4,36.17,37.785,Quarter
T33_Y2018_Q2,2018,2,43.85,,Quarter
T33_Y2018_Q3,2018,3,46.67,43.85,Quarter
T33_Y2018_Q4,2018,4,43.254999999999995,46.67,Quarter
T33_Y2019_Q1,2019,1,42.98,43.254999999999995,Quarter
T33_Y2019_Q2,2019,2,45.24,42.98,Quarter
T33_Y2019_Q3,2019,3,42.94,45.24,Quarter
T33_Y2019_Q4,2019,4,45.52,42.94,Quarter
T33_Y2020_Q1,2020,1,44.364999999999995,45.52,Quarter
T33_Y2020_Q2,2020,2,45.16,44.364999999999995,Quarter
T33_Y2020_Q3,2020,3,42.989999999999995,45.16,Quarter
T33_Y2020_Q4,2020,4,45.29,42.989999999999995,Quarter
T34_Y2018_Q2,2018,2,44.045,,Quarter
T34_Y2018_Q3,2018,3,43.55,44.045,Quarter
T34_Y2018_Q4,2018,4,41.985,43.55,Quarter
T34_Y2019_Q1,2019,1,42.59,41.985,Quarter
T34_Y2019_Q2,2019,2,42.035,42.59,Quarter
T34_Y2019_Q3,2019,3,41.144999999999996,42.035,Quarter
T34_Y2019_Q4,2019,4,43.77,41.144999999999996,Quarter
T34_Y2020_Q1,2020,1,46.81,43.77,Quarter
T34_Y2020_Q2,2020,2,40.75,46.81,Quarter
T34_Y2020_Q3,2020,3,41.36,40.75,Quarter
T34_Y2020_Q4,2020,4,45.1,41.36,Quarter
T35_Y2018_Q2,2018,2,18.035,,Quarter
T35_Y2018_Q3,2018,3,19.86,18.035,Quarter
T35_Y2018_Q4,2018,4,18.345,19.86,Quarter
T35_Y2019_Q1,2019,1,18.965000000000003,18.345,Quarter
T35_Y2019_Q2,2019,2,18.535,18.965000000000003,Quarter
T35_Y2019_Q3,2019,3,18.51,18.535,Quarter
T35_Y2019_Q4,2019,4,19.61,18.51,Quarter
T35_Y2020_Q1,2020,1,18.43,19.61,Quarter
T35_Y2020_Q2,2020,2,18.78,18.43,Quarter
T35_Y2020_Q3,2020,3,19.39,18.78,Quarter
T35_Y2020_Q4,2020,4,19.36,19.39,Quarter
T36_Y2018_Q2,2018,2,30.34,,Quarter
T36_Y2018_Q3,2018,3,30.7,30.34,Quarter
T36_Y2018_Q4,2018,4,31.03,30.7,Quarter
T36_Y2019_Q1,2019,1,31.705,31.03,Quarter
T36_Y2019_Q2,2019,2,29.97,31.705,Quarter
T36_Y2019_Q3,2019,3,30.22,29.97,Quarter
T36_Y2019_Q4,2019,4,31.99,30.22,Quarter
T36_Y2020_Q1,2020,1,32.91,31.99,Quarter
T36_Y2020_Q2,2020,2,29.15,32.91,Quarter
T36_Y2020_Q3,2020,3,30.44,29.15,Quarter
T36_Y2020_Q4,2020,4,29.45,30.44,Quarter
T37_Y2018_Q2,2018,2,50.82,,Quarter
T37_Y2018_Q3,2018,3,46.295,50.82,Quarter
T37_Y2018_Q4,2018,4,46.86,46.295,Quarter
T37_Y2019_Q1,2019,1,49.52,46.86,Quarter
T37_Y2019_Q2,2019,2,46.14,49.52,Quarter
T37_Y2019_Q3,2019,3,45.565,46.14,Quarter
T37_Y2019_Q4,2019,4,45.89,45.565,Quarter
T37_Y2020_Q1,2020,1,48.345,45.89,Quarter
T37_Y2020_Q2,2020,2,44.22,48.345,Quarter
T37_Y2020_Q3,2020,3,47.53,44.22,Quarter
T37_Y2020_Q4,2020,4,48.915,47.53,Quarter
T38_Y2018_Q2,2018,2,57.915,,Quarter
T38_Y2018_Q3,2018,3,57.6,57.915,Quarter
T38_Y2018_Q4,2018,4,54.379999999999995,57.6,Quarter
T38_Y2019_Q1,2019,1,55.405,54.379999999999995,Quarter
T38_Y2019_Q2,2019,2,58.36,55.405,Quarter
T38_Y2019_Q3,2019,3,53.36,58.36,Quarter
T38_Y2019_Q4,2019,4,59.67,53.36,Quarter
T38_Y2020_Q1,2020,1,57.17,59.67,Quarter
T38_Y2020_Q2,2020,2,57.084999999999994,57.17,Quarter
T38_Y2020_Q3,2020,3,53.775,57.084999999999994,Quarter
T38_Y2020_Q4,2020,4,56.15,53.775,Quarter
T39_Y2018_Q2,2018,2,49.445,,Quarter
T39_Y2018_Q3,2018,3,45.879999999999995,49.445,Quarter
T39_Y2018_Q4,2018,4,45.44,45.879999999999995,Quarter
T39_Y2019_Q1,2019,1,44.885,45.44,Quarter
T39_Y2019_Q2,2019,2,44.14,44.885,Quarter
T39_Y2019_Q3,2019,3,45.17,44.14,Quarter
T39_Y2019_Q4,2019,4,48.14,45.17,Quarter
T39_Y2020_Q1,2020,1,40.23,48.14,Quarter
T39_Y2020_Q2,2020,2,45.03,40.23,Quarter
T39_Y2020_Q3,2020,3,43.34,45.03,Quarter
T39_Y2020_Q4,2020,4,48.19,43.34,Quarter
T40_Y2018_Q2,2018,2,42.04,,Quarter
T40_Y2018_Q3,2018,3,40.76,42.04,Quarter
T40_Y2018_Q4,2018,4,43.33,40.76,Quarter
T40_Y2019_Q1,2019,1,37.73,43.33,Quarter
T40_Y2019_Q2,2019,2,40.760000000000005,37.73,Quarter
T40_Y2019_Q3,2019,3,41.08,40.760000000000005,Quarter
T40_Y2019_Q4,2019,4,42.85,41.08,Quarter
T40_Y2020_Q1,2020,1,43.15,42.85,Quarter
T40_Y2020_Q2,2020,2,40.795,43.15,Quarter
T40_Y2020_Q3,2020,3,40.79,40.795,Quarter
T40_Y2020_Q4,2020,4,39.47,40.79,Quarter
T41_Y2018_Q2,2018,2,50.215,,Quarter
T41_Y2018_Q3,2018,3,49.724999999999994,50.215,Quarter
T41_Y2018_Q4,2018,4,46.72,49.724999999999994,Quarter
T41_Y2019_Q1,2019,1,48.22,46.72,Quarter
T41_Y2019_Q2,2019,2,48.385,48.22,Quarter
T41_Y2019_Q3,2019,3,48.63,48.385,Quarter
T41_Y2019_Q4,2019,4,48.16,48.63,Quarter
T41_Y2020_Q1,2020,1,50.15,48.16,Quarter
T41_Y2020_Q2,2020,2,47.715,50.15,Quarter
T41_Y2020_Q3,2020,3,47.03,47.715,Quarter
T41_Y2020_Q4,2020,4,47.0,47.03,Quarter
T42_Y2018_Q2,2018,2,26.04,,Quarter
T42_Y2018_Q3,2018,3,25.1,26.04,Quarter
T42_Y2018_Q4,2018,4,25.01,25.1,Quarter
T42_Y2019_Q1,2019,1,25.32,25.01,Quarter
T42_Y2019_Q2,2019,2,25.86,25.32,Quarter
T42_Y2019_Q3,2019,3,25.925,25.86,Quarter
T42_Y2019_Q4,2019,4,25.16,25.925,Quarter
T42_Y2020_Q1,2020,1,26.17,25.16,Quarter
T42_Y2020_Q2,2020,2,26.17,26.17,Quarter
T42_Y2020_Q3,2020,3,25.32,26.17,Quarter
T42_Y2020_Q4,2020,4,25.665,25.32,Quarter
T43_Y2018_Q2,2018,2,27.23,,Quarter
T43_Y2018_Q3,2018,3,24.744999999999997,27.23,Quarter
T43_Y2018_Q4,2018,4,26.645000000000003,24.744999999999997,Quarter
T43_Y2019_Q1,2019,1,25.44,26.645000000000003,Quarter
T43_Y2019_Q2,2019,2,25.814999999999998,25.44,Quarter
T43_Y2019_Q3,2019,3,26.97,25.814999999999998,Quarter
T43_Y2019_Q4,2019,4,25.43,26.97,Quarter
T43_Y2020_Q1,2020,1,26.31,25.43,Quarter
T43_Y2020_Q2,2020,2,25.27,26.31,Quarter
T43_Y2020_Q3,2020,3,28.61,25.27,Quarter
T43_Y2020_Q4,2020,4,30.675,28.61,Quarter
T44_Y2018_Q2,2018,2,63.58,,Quarter
T44_Y2018_Q3,2018,3,61.69,63.58,Quarter
T44_Y2018_Q4,2018,4,59.45,61.69,Quarter
T44_Y2019_Q1,2019,1,62.175,59.45,Quarter
T44_Y2019_Q2,2019,2,62.155,62.175,Quarter
T44_Y2019_Q3,2019,3,62.59,62.155,Quarter
T44_Y2019_Q4,2019,4,60.42,62.59,Quarter
T44_Y2020_Q1,2020,1,65.95,60.42,Quarter
T44_Y2020_Q2,2020,2,64.08,65.95,Quarter
T44_Y2020_Q3,2020,3,64.33,64.08,Quarter
T44_Y2020_Q4,2020,4,58.045,64.33,Quarter
T45_Y2018_Q2,2018,2,74.27,,Quarter
T45_Y2018_Q3,2018,3,78.94,74.27,Quarter
T45_Y2018_Q4,2018,4,81.37,78.94,Quarter
T45_Y2019_Q1,2019,1,81.95,81.37,Quarter
T45_Y2019_Q2,2019,2,84.15,81.95,Quarter
T45_Y2019_Q3,2019,3,82.9,84.15,Quarter
T45_Y2019_Q4,2019,4,78.59,82.9,Quarter
T45_Y2020_Q1,2020,1,89.74,78.59,Quarter
T45_Y2020_Q2,2020,2,82.845,89.74,Quarter
T45_Y2020_Q3,2020,3,81.31,82.845,Quarter
T45_Y2020_Q4,2020,4,84.235,81.31,Quarter
T46_Y2018_Q2,2018,2,25.71,,Quarter
T46_Y2018_Q3,2018,3,26.015,25.71,Quarter
T46_Y2018_Q4,2018,4,26.48,26.015,Quarter
T46_Y2019_Q1,2019,1,25.17,26.48,Quarter
T46_Y2019_Q2,2019,2,27.59,25.17,Quarter
T46_Y2019_Q3,2019,3,26.96,27.59,Quarter
T46_Y2019_Q4,2019,4,26.12,26.96,Quarter
T46_Y2020_Q1,2020,1,24.685,26.12,Quarter
T46_Y2020_Q2,2020,2,24.76,24.685,Quarter
T46_Y2020_Q3,2020,3,27.76,24.76,Quarter
T46_Y2020_Q4,2020,4,26.65,27.76,Quarter
T47_Y2018_Q2,2018,2,44.88,,Quarter
T47_Y2018_Q3,2018,3,41.42,44.88,Quarter
T47_Y2018_Q4,2018,4,42.235,41.42,Quarter
T47_Y2019_Q1,2019,1,40.66,42.235,Quarter
T47_Y2019_Q2,2019,2,42.125,40.66,Quarter
T47_Y2019_Q3,2019,3,38.14,42.125,Quarter
T47_Y2019_Q4,2019,4,41.980000000000004,38.14,Quarter
T47_Y2020_Q1,2020,1,42.84,41.980000000000004,Quarter
T47_Y2020_Q2,2020,2,42.480000000000004,42.84,Quarter
T47_Y2020_Q3,2020,3,41.435,42.480000000000004,Quarter
T47_Y2020_Q4,2020,4,42.23,41.435,Quarter
T48_Y2018_Q2,2018,2,28.96,,Quarter
T48_Y2018_Q3,2018,3,31.259999999999998,28.96,Quarter
T48_Y2018_Q4,2018,4,28.99,31.259999999999998,Quarter
T48_Y2019_Q1,2019,1,29.89,28.99,Quarter
T48_Y2019_Q2,2019,2,30.73,29.89,Quarter
T48_Y2019_Q3,2019,3,29.955,30.73,Quarter
T48_Y2019_Q4,2019,4,30.18,29.955,Quarter
T48_Y2020_Q1,2020,1,30.645,30.18,Quarter
T48_Y2020_Q2,2020,2,28.29,30.645,Quarter
T48_Y2020_Q3,2020,3,29.895,28.29,Quarter
T48_Y2020_Q4,2020,4,28.025,29.895,Quarter
T49_Y2018_Q2,2018,2,78.515,,Quarter
T49_Y2018_Q3,2018,3,77.27,78.515,Quarter
T49_Y2018_Q4,2018,4,77.41,77.27,Quarter
T49_Y2019_Q1,2019,1,73.41499999999999,77.41,Quarter
T49_Y2019_Q2,2019,2,76.15,73.41499999999999,Quarter
T49_Y2019_Q3,2019,3,72.22,76.15,Quarter
T49_Y2019_Q4,2019,4,78.77,72.22,Quarter
T49_Y2020_Q1,2020,1,73.72,78.77,Quarter
T49_Y2020_Q2,2020,2,77.37,73.72,Quarter
T49_Y2020_Q3,2020,3,77.545,77.37,Quarter
T49_Y2020_Q4,2020,4,76.79,77.545,Quarter
T50_Y2018_Q2,2018,2,47.59,,Quarter
T50_Y2018_Q3,2018,3,49.5,47.59,Quarter
T50_Y2018_Q4,2018,4,54.28,49.5,Quarter
T50_Y2019_Q1,2019,1,50.77,54.28,Quarter
T50_Y2019_Q2,2019,2,53.19,50.77,Quarter
T50_Y2019_Q3,2019,3,47.66,53.19,Quarter
T50_Y2019_Q4,2019,4,49.65,47.66,Quarter
T50_Y2020_Q1,2020,1,50.93,49.65,Quarter
T50_Y2020_Q2,2020,2,47.144999999999996,50.93,Quarter
T50_Y2020_Q3,2020,3,48.03,47.144999999999996,Quarter
T50_Y2020_Q4,2020,4,50.81,48.03,Quarter
T51_Y2018_Q2,2018,2,51.525,,Quarter
T51_Y2018_Q3,2018,3,48.63,51.525,Quarter
T51_Y2018_Q4,2018,4,52.225,48.63,Quarter
T51_Y2019_Q1,2019,1,49.515,52.225,Quarter
T51_Y2019_Q2,2019,2,48.72,49.515,Quarter
T51_Y2019_Q3,2019,3,50.295,48.72,Quarter
T51_Y2019_Q4,2019,4,51.37,50.295,Quarter
T51_Y2020_Q1,2020,1,51.94,51.37,Quarter
T51_Y2020_Q2,2020,2,53.44,51.94,Quarter
T51_Y2020_Q3,2020,3,53.54,53.44,Quarter
T51_Y2020_Q4,2020,4,49.879999999999995,53.54,Quarter
T52_Y2018_Q2,2018,2,31.735,,Quarter
T52_Y2018_Q3,2018,3,35.02,31.735,Quarter
T52_Y2018_Q4,2018,4,38.835,35.02,Quarter
T52_Y2019_Q1,2019,1,31.65,38.835,Quarter
T52_Y2019_Q2,2019,2,35.135000000000005,31.65,Quarter
T52_Y2019_Q3,2019,3,34.349999999999994,35.135000000000005,Quarter
T52_Y2019_Q4,2019,4,27.91,34.349999999999994,Quarter
T52_Y2020_Q1,2020,1,40.16,27.91,Quarter
T52_Y2020_Q2,2020,2,32.7,40.16,Quarter
T52_Y2020_Q3,2020,3,31.634999999999998,32.7,Quarter
T52_Y2020_Q4,2020,4,27.259999999999998,31.634999999999998,Quarter
T53_Y2018_Q2,2018,2,44.24,,Quarter
T53_Y2018_Q3,2018,3,43.16,44.24,Quarter
T53_Y2018_Q4,2018,4,41.96,43.16,Quarter
T53_Y2019_Q1,2019,1,45.625,41.96,Quarter
T53_Y2019_Q2,2019,2,45.22,45.625,Quarter
T53_Y2019_Q3,2019,3,45.69,45.22,Quarter
T53_Y2019_Q4,2019,4,45.64,45.69,Quarter
T53_Y2020_Q1,2020,1,47.45,45.64,Quarter
T53_Y2020_Q2,2020,2,47.66,47.45,Quarter
T53_Y2020_Q3,2020,3,46.04,47.66,Quarter
T53_Y2020_Q4,2020,4,44.41,46.04,Quarter
T54_Y2018_Q2,2018,2,43.315,,Quarter
T54_Y2018_Q3,2018,3,41.83,43.315,Quarter
T54_Y2018_Q4,2018,4,44.23,41.83,Quarter
T54_Y2019_Q1,2019,1,42.795,44.23,Quarter
T54_Y2019_Q2,2019,2,40.98,42.795,Quarter
T54_Y2019_Q3,2019,3,39.15,40.98,Quarter
T54_Y2019_Q4,2019,4,42.63,39.15,Quarter
T54_Y2020_Q1,2020,1,41.99,42.63,Quarter
T54_Y2020_Q2,2020,2,41.57,41.99,Quarter
T54_Y2020_Q3,2020,3,41.88,41.57,Quarter
T54_Y2020_Q4,2020,4,47.62,41.88,Quarter
T55_Y2018_Q2,2018,2,47.64,,Quarter
T55_Y2018_Q3,2018,3,48.84,47.64,Quarter
T55_Y2018_Q4,2018,4,47.575,48.84,Quarter
T55_Y2019_Q1,2019,1,44.74,47.575,Quarter
T55_Y2019_Q2,2019,2,41.6,44.74,Quarter
T55_Y2019_Q3,2019,3,47.105000000000004,41.6,Quarter
T55_Y2019_Q4,2019,4,45.76,47.105000000000004,Quarter
T55_Y2020_Q1,2020,1,45.48,45.76,Quarter
T55_Y2020_Q2,2020,2,44.75,45.48,Quarter
T55_Y2020_Q3,2020,3,45.47,44.75,Quarter
T55_Y2020_Q4,2020,4,45.74,45.47,Quarter
T56_Y2018_Q2,2018,2,36.945,,Quarter
T56_Y2018_Q3,2018,3,34.025,36.945,Quarter
T56_Y2018_Q4,2018,4,35.65,34.025,Quarter
T56_Y2019_Q1,2019,1,33.18,35.65,Quarter
T56_Y2019_Q2,2019,2,34.24,33.18,Quarter
T56_Y2019_Q3,2019,3,34.715,34.24,Quarter
T56_Y2019_Q4,2019,4,33.37,34.715,Quarter
T56_Y2020_Q1,2020,1,33.5,33.37,Quarter
T56_Y2020_Q2,2020,2,35.68,33.5,Quarter
T56_Y2020_Q3,2020,3,35.46,35.68,Quarter
T56_Y2020_Q4,2020,4,34.66,35.46,Quarter
T57_Y2018_Q2,2018,2,58.42,,Quarter
T57_Y2018_Q3,2018,3,65.125,58.42,Quarter
T57_Y2018_Q4,2018,4,56.235,65.125,Quarter
T57_Y2019_Q1,2019,1,60.56,56.235,Quarter
T57_Y2019_Q2,2019,2,63.93,60.56,Quarter
T57_Y2019_Q3,2019,3,56.12,63.93,Quarter
T57_Y2019_Q4,2019,4,59.01,56.12,Quarter
T57_Y2020_Q1,2020,1,57.64,59.01,Quarter
T57_Y2020_Q2,2020,2,57.78,57.64,Quarter
T57_Y2020_Q3,2020,3,61.89,57.78,Quarter
T57_Y2020_Q4,2020,4,58.83,61.89,Quarter
T58_Y2018_Q2,2018,2,42.895,,Quarter
T58_Y2018_Q3,2018,3,37.84,42.895,Quarter
T58_Y2018_Q4,2018,4,39.879999999999995,37.84,Quarter
T58_Y2019_Q1,2019,1,40.66,39.879999999999995,Quarter
T58_Y2019_Q2,2019,2,40.81,40.66,Quarter
T58_Y2019_Q3,2019,3,37.42,40.81,Quarter
T58_Y2019_Q4,2019,4,38.61,37.42,Quarter
T58_Y2020_Q1,2020,1,40.695,38.61,Quarter
T58_Y2020_Q2,2020,2,42.885,40.695,Quarter
T58_Y2020_Q3,2020,3,37.67,42.885,Quarter
T58_Y2020_Q4,2020,4,37.31,37.67,Quarter
T59_Y2018_Q2,2018,2,61.48,,Quarter
T59_Y2018_Q3,2018,3,61.495000000000005,61.48,Quarter
T59_Y2018_Q4,2018,4,64.18,61.495000000000005,Quarter
T59_Y2019_Q1,2019,1,58.41,64.18,Quarter
T59_Y2019_Q2,2019,2,60.46,58.41,Quarter
T59_Y2019_Q3,2019,3,58.75,60.46,Quarter
T59_Y2019_Q4,2019,4,59.18,58.75,Quarter
T59_Y2020_Q1,2020,1,59.85,59.18,Quarter
T59_Y2020_Q2,2020,2,56.83,59.85,Quarter
T59_Y2020_Q3,2020,3,57.51,56.83,Quarter
T59_Y2020_Q4,2020,4,61.57,57.51,Quarter
T60_Y2018_Q2,2018,2,61.974999999999994,,Quarter
T60_Y2018_Q3,2018,3,68.82,61.974999999999994,Quarter
T60_Y2018_Q4,2018,4,58.855000000000004,68.82,Quarter
T60_Y2019_Q1,2019,1,69.33,58.855000000000004,Quarter
T60_Y2019_Q2,2019,2,61.035,69.33,Quarter
T60_Y2019_Q3,2019,3,64.635,61.035,Quarter
T60_Y2019_Q4,2019,4,66.105,64.635,Quarter
T60_Y2020_Q1,2020,1,71.74,66.105,Quarter
T60_Y2020_Q2,2020,2,64.75,71.74,Quarter
T60_Y2020_Q3,2020,3,63.07,64.75,Quarter
T60_Y2020_Q4,2020,4,70.675,63.07,Quarter
T61_Y2018_Q2,2018,2,20.94,,Quarter
T61_Y2018_Q3,2018,3,22.4,20.94,Quarter
T61_Y2018_Q4,2018,4,21.17,22.4,Quarter
T61_Y2019_Q1,2019,1,21.28,21.17,Quarter
T61_Y2019_Q2,2019,2,20.924999999999997,21.28,Quarter
T61_Y2019_Q3,2019,3,22.55,20.924999999999997,Quarter
T61_Y2019_Q4,2019,4,21.26,22.55,Quarter
T61_Y2020_Q1,2020,1,20.39,21.26,Quarter
T61_Y2020_Q2,2020,2,22.345,20.39,Quarter
T61_Y2020_Q3,2020,3,21.939999999999998,22.345,Quarter
T61_Y2020_Q4,2020,4,21.695,21.939999999999998,Quarter
T62_Y2018_Q2,2018,2,58.69,,Quarter
T62_Y2018_Q3,2018,3,61.93,58.69,Quarter
T62_Y2018_Q4,2018,4,62.44,61.93,Quarter
T62_Y2019_Q1,2019,1,61.49,62.44,Quarter
T62_Y2019_Q2,2019,2,59.03,61.49,Quarter
T62_Y2019_Q3,2019,3,56.91,59.03,Quarter
T62_Y2019_Q4,2019,4,57.73,56.91,Quarter
T62_Y2020_Q1,2020,1,60.3,57.73,Quarter
T62_Y2020_Q2,2020,2,61.52,60.3,Quarter
T62_Y2020_Q3,2020,3,57.99,61.52,Quarter
T62_Y2020_Q4,2020,4,59.63,57.99,Quarter
T63_Y2018_Q2,2018,2,58.405,,Quarter
T63_Y2018_Q3,2018,3,52.565,58.405,Quarter
T63_Y2018_Q4,2018,4,63.695,52.565,Quarter
T63_Y2019_Q1,2019,1,60.95,63.695,Quarter
T63_Y2019_Q2,2019,2,63.24,60.95,Quarter
T63_Y2019_Q3,2019,3,63.46,63.24,Quarter
T63_Y2019_Q4,2019,4,59.095,63.46,Quarter
T63_Y2020_Q1,2020,1,61.48,59.095,Quarter
T63_Y2020_Q2,2020,2,59.55500000000001,61.48,Quarter
T63_Y2020_Q3,2020,3,58.925,59.55500000000001,Quarter
T63_Y2020_Q4,2020,4,60.805,58.925,Quarter
T64_Y2018_Q2,2018,2,39.4,,Quarter
T64_Y2018_Q3,2018,3,39.66,39.4,Quarter
T64_Y2018_Q4,2018,4,40.805,39.66,Quarter
T64_Y2019_Q1,2019,1,38.14,40.805,Quarter
T64_Y2019_Q2,2019,2,41.105000000000004,38.14,Quarter
T64_Y2019_Q3,2019,3,38.695,41.105000000000004,Quarter
T64_Y2019_Q4,2019,4,42.19,38.695,Quarter
T64_Y2020_Q1,2020,1,42.43,42.19,Quarter
T64_Y2020_Q2,2020,2,41.075,42.43,Quarter
T64_Y2020_Q3,2020,3,38.61,41.075,Quarter
T64_Y2020_Q4,2020,4,37.974999999999994,38.61,Quarter
T65_Y2018_Q2,2018,2,29.8,,Quarter
T65_Y2018_Q3,2018,3,33.86,29.8,Quarter
T65_Y2018_Q4,2018,4,30.23,33.86,Quarter
T65_Y2019_Q1,2019,1,33.36,30.23,Quarter
T65_Y2019_Q2,2019,2,32.974999999999994,33.36,Quarter
T65_Y2019_Q3,2019,3,30.240000000000002,32.974999999999994,Quarter
T65_Y2019_Q4,2019,4,36.19,30.240000000000002,Quarter
T65_Y2020_Q1,2020,1,31.93,36.19,Quarter
T65_Y2020_Q2,2020,2,32.06,31.93,Quarter
T65_Y2020_Q3,2020,3,34.765,32.06,Quarter
T65_Y2020_Q4,2020,4,31.975,34.765,Quarter
T66_Y2018_Q2,2018,2,40.97,,Quarter
T66_Y2018_Q3,2018,3,39.894999999999996,40.97,Quarter
T66_Y2018_Q4,2018,4,40.115,39.894999999999996,Quarter
T66_Y2019_Q1,2019,1,41.53,40.115,Quarter
T66_Y2019_Q2,2019,2,43.25,41.53,Quarter
T66_Y2019_Q3,2019,3,43.35,43.25,Quarter
T66_Y2019_Q4,2019,4,42.09,43.35,Quarter
T66_Y2020_Q1,2020,1,43.47,42.09,Quarter
T66_Y2020_Q2,2020,2,39.5,43.47,Quarter
T66_Y2020_Q3,2020,3,41.02,39.5,Quarter
T66_Y2020_Q4,2020,4,41.260000000000005,41.02,Quarter
T67_Y2018_Q2,2018,2,47.65,,Quarter
T67_Y2018_Q3,2018,3,47.18,47.65,Quarter
T67_Y2018_Q4,2018,4,46.05,47.18,Quarter
T67_Y2019_Q1,2019,1,47.345,46.05,Quarter
T67_Y2019_Q2,2019,2,49.35,47.345,Quarter
T67_Y2019_Q3,2019,3,50.17,49.35,Quarter
T67_Y2019_Q4,2019,4,46.11,50.17,Quarter
T67_Y2020_Q1,2020,1,48.43,46.11,Quarter
T67_Y2020_Q2,2020,2,48.04,48.43,Quarter
T67_Y2020_Q3,2020,3,47.7,48.04,Quarter
T67_Y2020_Q4,2020,4,46.45,47.7,Quarter
T68_Y2018_Q2,2018,2,31.585,,Quarter
T68_Y2018_Q3,2018,3,31.97,31.585,Quarter
T68_Y2018_Q4,2018,4,31.42,31.97,Quarter
T68_Y2019_Q1,2019,1,32.48,31.42,Quarter
T68_Y2019_Q2,2019,2,32.58,32.48,Quarter
T68_Y2019_Q3,2019,3,32.455,32.58,Quarter
T68_Y2019_Q4,2019,4,32.93,32.455,Quarter
T68_Y2020_Q1,2020,1,32.295,32.93,Quarter
T68_Y2020_Q2,2020,2,33.13,32.295,Quarter
T68_Y2020_Q3,2020,3,32.34,33.13,Quarter
T68_Y2020_Q4,2020,4,31.895,32.34,Quarter
T69_Y2018_Q2,2018,2,42.72,,Quarter
T69_Y2018_Q3,2018,3,38.285,42.72,Quarter
T69_Y2018_Q4,2018,4,40.085,38.285,Quarter
T69_Y2019_Q1,2019,1,40.765,40.085,Quarter
T69_Y2019_Q2,2019,2,40.22,40.765,Quarter
T69_Y2019_Q3,2019,3,40.57,40.22,Quarter
T69_Y2019_Q4,2019,4,40.805,40.57,Quarter
T69_Y2020_Q1,2020,1,39.945,40.805,Quarter
T69_Y2020_Q2,2020,2,42.865,39.945,Quarter
T69_Y2020_Q3,2020,3,40.065,42.865,Quarter
T69_Y2020_Q4,2020,4,41.655,40.065,Quarter
T70_Y2018_Q2,2018,2,73.7,,Quarter
T70_Y2018_Q3,2018,3,73.98,73.7,Quarter
T70_Y2018_Q4,2018,4,75.795,73.98,Quarter
T70_Y2019_Q1,2019,1,74.34,75.795,Quarter
T70_Y2019_Q2,2019,2,73.86,74.34,Quarter
T70_Y2019_Q3,2019,3,73.725,73.86,Quarter
T70_Y2019_Q4,2019,4,71.92,73.725,Quarter
T70_Y2020_Q1,2020,1,71.69,71.92,Quarter
T70_Y2020_Q2,2020,2,72.51,71.69,Quarter
T70_Y2020_Q3,2020,3,73.305,72.51,Quarter
T70_Y2020_Q4,2020,4,71.56,73.305,Quarter
T71_Y2018_Q2,2018,2,23.17,,Quarter
T71_Y2018_Q3,2018,3,20.225,23.17,Quarter
T71_Y2018_Q4,2018,4,19.25,20.225,Quarter
T71_Y2019_Q1,2019,1,22.26,19.25,Quarter
T71_Y2019_Q2,2019,2,21.51,22.26,Quarter
T71_Y2019_Q3,2019,3,19.52,21.51,Quarter
T71_Y2019_Q4,2019,4,19.77,19.52,Quarter
T71_Y2020_Q1,2020,1,19.82,19.77,Quarter
T71_Y2020_Q2,2020,2,20.04,19.82,Quarter
T71_Y2020_Q3,2020,3,19.38,20.04,Quarter
T71_Y2020_Q4,2020,4,20.345,19.38,Quarter
T72_Y2018_Q2,2018,2,36.875,,Quarter
T72_Y2018_Q3,2018,3,34.665,36.875,Quarter
T72_Y2018_Q4,2018,4,37.144999999999996,34.665,Quarter
T72_Y2019_Q1,2019,1,35.504999999999995,37.144999999999996,Quarter
T72_Y2019_Q2,2019,2,37.515,35.504999999999995,Quarter
T72_Y2019_Q3,2019,3,36.96,37.515,Quarter
T72_Y2019_Q4,2019,4,35.25,36.96,Quarter
T72_Y2020_Q1,2020,1,42.775,35.25,Quarter
T72_Y2020_Q2,2020,2,35.94,42.775,Quarter
T72_Y2020_Q3,2020,3,32.33,35.94,Quarter
T72_Y2020_Q4,2020,4,35.02,32.33,Quarter
T73_Y2018_Q2,2018,2,69.91,,Quarter
T73_Y2018_Q3,2018,3,74.095,69.91,Quarter
T73_Y2018_Q4,2018,4,67.27,74.095,Quarter
T73_Y2019_Q1,2019,1,78.37,67.27,Quarter
T73_Y2019_Q2,2019,2,72.85,78.37,Quarter
T73_Y2019_Q3,2019,3,79.9,72.85,Quarter
T73_Y2019_Q4,2019,4,73.57499999999999,79.9,Quarter
T73_Y2020_Q1,2020,1,69.08,73.57499999999999,Quarter
T73_Y2020_Q2,2020,2,72.65,69.08,Quarter
T73_Y2020_Q3,2020,3,68.91,72.65,Quarter
T73_Y2020_Q4,2020,4,67.85499999999999,68.91,Quarter
T74_Y2018_Q2,2018,2,42.825,,Quarter
T74_Y2018_Q3,2018,3,42.769999999999996,42.825,Quarter
T74_Y2018_Q4,2018,4,42.94,42.769999999999996,Quarter
T74_Y2019_Q1,2019,1,42.99,42.94,Quarter
T74_Y2019_Q2,2019,2,42.195,42.99,Quarter
T74_Y2019_Q3,2019,3,41.555,42.195,Quarter
T74_Y2019_Q4,2019,4,40.355000000000004,41.555,Quarter
T74_Y2020_Q1,2020,1,41.375,40.355000000000004,Quarter
T74_Y2020_Q2,2020,2,40.625,41.375,Quarter
T74_Y2020_Q3,2020,3,42.415,40.625,Quarter
T74_Y2020_Q4,2020,4,42.75,42.415,Quarter
T75_Y2018_Q2,2018,2,42.18,,Quarter
T75_Y2018_Q3,2018,3,48.8,42.18,Quarter
T75_Y2018_Q4,2018,4,45.84,48.8,Quarter
T75_Y2019_Q1,2019,1,47.35,45.84,Quarter
T75_Y2019_Q2,2019,2,45.16,47.35,Quarter
T75_Y2019_Q3,2019,3,44.485,45.16,Quarter
T75_Y2019_Q4,2019,4,45.355000000000004,44.485,Quarter
T75_Y2020_Q1,2020,1,44.76,45.355000000000004,Quarter
T75_Y2020_Q2,2020,2,45.275,44.76,Quarter
T75_Y2020_Q3,2020,3,42.93,45.275,Quarter
T75_Y2020_Q4,2020,4,40.51,42.93,Quarter
T76_Y2018_Q2,2018,2,41.9,,Quarter
T76_Y2018_Q3,2018,3,45.69,41.9,Quarter
T76_Y2018_Q4,2018,4,40.730000000000004,45.69,Quarter
T76_Y2019_Q1,2019,1,43.13,40.730000000000004,Quarter
T76_Y2019_Q2,2019,2,44.28,43.13,Quarter
T76_Y2019_Q3,2019,3,42.415,44.28,Quarter
T76_Y2019_Q4,2019,4,42.425,42.415,Quarter
T76_Y2020_Q1,2020,1,41.65,42.425,Quarter
T76_Y2020_Q2,2020,2,37.525,41.65,Quarter
T76_Y2020_Q3,2020,3,45.53,37.525,Quarter
T76_Y2020_Q4,2020,4,44.3,45.53,Quarter
T77_Y2018_Q2,2018,2,47.955,,Quarter
T77_Y2018_Q3,2018,3,43.015,47.955,Quarter
T77_Y2018_Q4,2018,4,51.685,43.015,Quarter
T77_Y2019_Q1,2019,1,52.1,51.685,Quarter
T77_Y2019_Q2,2019,2,47.655,52.1,Quarter
T77_Y2019_Q3,2019,3,49.42,47.655,Quarter
T77_Y2019_Q4,2019,4,50.965,49.42,Quarter
T77_Y2020_Q1,2020,1,48.5,50.965,Quarter
T77_Y2020_Q2,2020,2,50.05,48.5,Quarter
T77_Y2020_Q3,2020,3,52.47,50.05,Quarter
T77_Y2020_Q4,2020,4,50.11,52.47,Quarter
T78_Y2018_Q2,2018,2,23.17,,Quarter
T78_Y2018_Q3,2018,3,23.58,23.17,Quarter
T78_Y2018_Q4,2018,4,24.02,23.58,Quarter
T78_Y2019_Q1,2019,1,22.24,24.02,Quarter
T78_Y2019_Q2,2019,2,24.345,22.24,Quarter
T78_Y2019_Q3,2019,3,23.73,24.345,Quarter
T78_Y2019_Q4,2019,4,22.92,23.73,Quarter
T78_Y2020_Q1,2020,1,22.24,22.92,Quarter
T78_Y2020_Q2,2020,2,23.29,22.24,Quarter
T78_Y2020_Q3,2020,3,23.64,23.29,Quarter
T78_Y2020_Q4,2020,4,23.82,23.64,Quarter
T79_Y2018_Q2,2018,2,40.260000000000005,,Quarter
T79_Y2018_Q3,2018,3,41.86,40.260000000000005,Quarter
T79_Y2018_Q4,2018,4,40.05,41.86,Quarter
T79_Y2019_Q1,2019,1,40.3,40.05,Quarter
T79_Y2019_Q2,2019,2,40.31,40.3,Quarter
T79_Y2019_Q3,2019,3,40.055,40.31,Quarter
T79_Y2019_Q4,2019,4,40.67,40.055,Quarter
T79_Y2020_Q1,2020,1,41.55,40.67,Quarter
T79_Y2020_Q2,2020,2,41.2,41.55,Quarter
T79_Y2020_Q3,2020,3,42.745000000000005,41.2,Quarter
T79_Y2020_Q4,2020,4,40.55,42.745000000000005,Quarter
T80_Y2018_Q2,2018,2,68.41,,Quarter
T80_Y2018_Q3,2018,3,68.065,68.41,Quarter
T80_Y2018_Q4,2018,4,64.99000000000001,68.065,Quarter
T80_Y2019_Q1,2019,1,69.98,64.99000000000001,Quarter
T80_Y2019_Q2,2019,2,69.26,69.98,Quarter
T80_Y2019_Q3,2019,3,66.24,69.26,Quarter
T80_Y2019_Q4,2019,4,66.44,66.24,Quarter
T80_Y2020_Q1,2020,1,68.73,66.44,Quarter
T80_Y2020_Q2,2020,2,67.87,68.73,Quarter
T80_Y2020_Q3,2020,3,66.64,67.87,Quarter
T80_Y2020_Q4,2020,4,67.33,66.64,Quarter
T81_Y2018_Q2,2018,2,47.2,,Quarter
T81_Y2018_Q3,2018,3,48.39,47.2,Quarter
T81_Y2018_Q4,2018,4,45.8,48.39,Quarter
T81_Y2019_Q1,2019,1,46.85,45.8,Quarter
T81_Y2019_Q2,2019,2,44.25,46.85,Quarter
T81_Y2019_Q3,2019,3,46.61,44.25,Quarter
T81_Y2019_Q4,2019,4,45.94,46.61,Quarter
T81_Y2020_Q1,2020,1,52.36,45.94,Quarter
T81_Y2020_Q2,2020,2,47.17,52.36,Quarter
T81_Y2020_Q3,2020,3,43.84,47.17,Quarter
T81_Y2020_Q4,2020,4,44.97,43.84,Quarter
T82_Y2018_Q2,2018,2,28.92,,Quarter
T82_Y2018_Q3,2018,3,36.08,28.92,Quarter
T82_Y2018_Q4,2018,4,40.0,36.08,Quarter
T82_Y2019_Q1,2019,1,32.35,40.0,Quarter
T82_Y2019_Q2,2019,2,35.74,32.35,Quarter
T82_Y2019_Q3,2019,3,37.32,35.74,Quarter
T82_Y2019_Q4,2019,4,29.04,37.32,Quarter
T82_Y2020_Q1,2020,1,35.33,29.04,Quarter
T82_Y2020_Q2,2020,2,33.02,35.33,Quarter
T82_Y2020_Q3,2020,3,29.625,33.02,Quarter
T82_Y2020_Q4,2020,4,33.475,29.625,Quarter
T83_Y2018_Q2,2018,2,73.77,,Quarter
T83_Y2018_Q3,2018,3,72.515,73.77,Quarter
T83_Y2018_Q4,2018,4,74.13,72.515,Quarter
T83_Y2019_Q1,2019,1,74.22,74.13,Quarter
T83_Y2019_Q2,2019,2,71.39,74.22,Quarter
T83_Y2019_Q3,2019,3,70.21000000000001,71.39,Quarter
T83_Y2019_Q4,2019,4,71.87,70.21000000000001,Quarter
T83_Y2020_Q1,2020,1,75.88499999999999,71.87,Quarter
T83_Y2020_Q2,2020,2,67.61500000000001,75.88499999999999,Quarter
T83_Y2020_Q3,2020,3,69.195,67.61500000000001,Quarter
T83_Y2020_Q4,2020,4,74.935,69.195,Quarter
T84_Y2018_Q2,2018,2,39.349999999999994,,Quarter
T84_Y2018_Q3,2018,3,43.735,39.349999999999994,Quarter
T84_Y2018_Q4,2018,4,39.400000000000006,43.735,Quarter
T84_Y2019_Q1,2019,1,40.705,39.400000000000006,Quarter
T84_Y2019_Q2,2019,2,39.78,40.705,Quarter
T84_Y2019_Q3,2019,3,41.44,39.78,Quarter
T84_Y2019_Q4,2019,4,41.665,41.44,Quarter
T84_Y2020_Q1,2020,1,40.935,41.665,Quarter
T84_Y2020_Q2,2020,2,41.46,40.935,Quarter
T84_Y2020_Q3,2020,3,40.35,41.46,Quarter
T84_Y2020_Q4,2020,4,40.55,40.35,Quarter
T85_Y2018_Q2,2018,2,35.36,,Quarter
T85_Y2018_Q3,2018,3,35.05,35.36,Quarter
T85_Y2018_Q4,2018,4,37.04,35.05,Quarter
T85_Y2019_Q1,2019,1,34.33,37.04,Quarter
T85_Y2019_Q2,2019,2,35.77,34.33,Quarter
T85_Y2019_Q3,2019,3,33.31,35.77,Quarter
T85_Y2019_Q4,2019,4,35.150000000000006,33.31,Quarter
T85_Y2020_Q1,2020,1,34.49,35.150000000000006,Quarter
T85_Y2020_Q2,2020,2,32.64,34.49,Quarter
T85_Y2020_Q3,2020,3,36.394999999999996,32.64,Quarter
T85_Y2020_Q4,2020,4,35.05,36.394999999999996,Quarter
T86_Y2018_Q2,2018,2,45.07,,Quarter
T86_Y2018_Q3,2018,3,44.84,45.07,Quarter
T86_Y2018_Q4,2018,4,40.375,44.84,Quarter
T86_Y2019_Q1,2019,1,41.44,40.375,Quarter
T86_Y2019_Q2,2019,2,43.510000000000005,41.44,Quarter
T86_Y2019_Q3,2019,3,41.35,43.510000000000005,Quarter
T86_Y2019_Q4,2019,4,41.98,41.35,Quarter
T86_Y2020_Q1,2020,1,41.425,41.98,Quarter
T86_Y2020_Q2,2020,2,39.66,41.425,Quarter
T86_Y2020_Q3,2020,3,41.364999999999995,39.66,Quarter
T86_Y2020_Q4,2020,4,42.01,41.364999999999995,Quarter
T87_Y2018_Q2,2018,2,78.12,,Quarter
T87_Y2018_Q3,2018,3,76.7,78.12,Quarter
T87_Y2018_Q4,2018,4,73.61,76.7,Quarter
T87_Y2019_Q1,2019,1,79.08500000000001,73.61,Quarter
T87_Y2019_Q2,2019,2,72.7,79.08500000000001,Quarter
T87_Y2019_Q3,2019,3,71.235,72.7,Quarter
T87_Y2019_Q4,2019,4,79.83,71.235,Quarter
T87_Y2020_Q1,2020,1,73.93,79.83,Quarter
T87_Y2020_Q2,2020,2,77.66,73.93,Quarter
T87_Y2020_Q3,2020,3,75.0,77.66,Quarter
T87_Y2020_Q4,2020,4,75.095,75.0,Quarter
T88_Y2018_Q2,2018,2,43.88,,Quarter
T88_Y2018_Q3,2018,3,49.05,43.88,Quarter
T88_Y2018_Q4,2018,4,44.74,49.05,Quarter
T88_Y2019_Q1,2019,1,45.59,44.74,Quarter
T88_Y2019_Q2,2019,2,46.19,45.59,Quarter
T88_Y2019_Q3,2019,3,48.98,46.19,Quarter
T88_Y2019_Q4,2019,4,49.21,48.98,Quarter
T88_Y2020_Q1,2020,1,44.42,49.21,Quarter
T88_Y2020_Q2,2020,2,49.31,44.42,Quarter
T88_Y2020_Q3,2020,3,45.28,49.31,Quarter
T88_Y2020_Q4,2020,4,45.72,45.28,Quarter
T89_Y2018_Q2,2018,2,45.935,,Quarter
T89_Y2018_Q3,2018,3,45.655,45.935,Quarter
T89_Y2018_Q4,2018,4,47.98,45.655,Quarter
T89_Y2019_Q1,2019,1,44.9,47.98,Quarter
T89_Y2019_Q2,2019,2,45.93,44.9,Quarter
T89_Y2019_Q3,2019,3,45.06,45.93,Quarter
T89_Y2019_Q4,2019,4,45.375,45.06,Quarter
T89_Y2020_Q1,2020,1,44.955,45.375,Quarter
T89_Y2020_Q2,2020,2,45.98,44.955,Quarter
T89_Y2020_Q3,2020,3,46.325,45.98,Quarter
T89_Y2020_Q4,2020,4,43.675,46.325,Quarter
T90_Y2018_Q2,2018,2,23.53,,Quarter
T90_Y2018_Q3,2018,3,24.36,23.53,Quarter
T90_Y2018_Q4,2018,4,26.77,24.36,Quarter
T90_Y2019_Q1,2019,1,24.81,26.77,Quarter
T90_Y2019_Q2,2019,2,26.215,24.81,Quarter
T90_Y2019_Q3,2019,3,23.675,26.215,Quarter
T90_Y2019_Q4,2019,4,22.81,23.675,Quarter
T90_Y2020_Q1,2020,1,26.16,22.81,Quarter
T90_Y2020_Q2,2020,2,24.52,26.16,Quarter
T90_Y2020_Q3,2020,3,23.87,24.52,Quarter
T90_Y2020_Q4,2020,4,24.15,23.87,Quarter
T91_Y2018_Q2,2018,2,43.165,,Quarter
T91_Y2018_Q3,2018,3,44.06,43.165,Quarter
T91_Y2018_Q4,2018,4,44.21,44.06,Quarter
T91_Y2019_Q1,2019,1,44.05,44.21,Quarter
T91_Y2019_Q2,2019,2,44.57,44.05,Quarter
T91_Y2019_Q3,2019,3,42.06,44.57,Quarter
T91_Y2019_Q4,2019,4,43.74,42.06,Quarter
T91_Y2020_Q1,2020,1,43.2,43.74,Quarter
T91_Y2020_Q2,2020,2,45.06,43.2,Quarter
T91_Y2020_Q3,2020,3,43.345,45.06,Quarter
T91_Y2020_Q4,2020,4,42.57,43.345,Quarter
T92_Y2018_Q2,2018,2,29.87,,Quarter
T92_Y2018_Q3,2018,3,32.18,29.87,Quarter
T92_Y2018_Q4,2018,4,31.995,32.18,Quarter
T92_Y2019_Q1,2019,1,30.285,31.995,Quarter
T92_Y2019_Q2,2019,2,31.015,30.285,Quarter
T92_Y2019_Q3,2019,3,32.655,31.015,Quarter
T92_Y2019_Q4,2019,4,29.83,32.655,Quarter
T92_Y2020_Q1,2020,1,31.335,29.83,Quarter
T92_Y2020_Q2,2020,2,31.35,31.335,Quarter
T92_Y2020_Q3,2020,3,31.32,31.35,Quarter
T92_Y2020_Q4,2020,4,31.14,31.32,Quarter
T93_Y2018_Q2,2018,2,56.31,,Quarter
T93_Y2018_Q3,2018,3,57.39,56.31,Quarter
T93_Y2018_Q4,2018,4,55.2,57.39,Quarter
T93_Y2019_Q1,2019,1,55.745000000000005,55.2,Quarter
T93_Y2019_Q2,2019,2,57.57,55.745000000000005,Quarter
T93_Y2019_Q3,2019,3,60.99,57.57,Quarter
T93_Y2019_Q4,2019,4,56.5,60.99,Quarter
T93_Y2020_Q1,2020,1,58.68,56.5,Quarter
T93_Y2020_Q2,2020,2,58.58,58.68,Quarter
T93_Y2020_Q3,2020,3,57.31,58.58,Quarter
T93_Y2020_Q4,2020,4,57.785,57.31,Quarter
T94_Y2018_Q2,2018,2,52.81,,Quarter
T94_Y2018_Q3,2018,3,56.57,52.81,Quarter
T94_Y2018_Q4,2018,4,54.57,56.57,Quarter
T94_Y2019_Q1,2019,1,55.44,54.57,Quarter
T94_Y2019_Q2,2019,2,53.86,55.44,Quarter
T94_Y2019_Q3,2019,3,56.68,53.86,Quarter
T94_Y2019_Q4,2019,4,56.845,56.68,Quarter
T94_Y2020_Q1,2020,1,54.6,56.845,Quarter
T94_Y2020_Q2,2020,2,57.66,54.6,Quarter
T94_Y2020_Q3,2020,3,57.73,57.66,Quarter
T94_Y2020_Q4,2020,4,55.675,57.73,Quarter
T95_Y2018_Q2,2018,2,25.14,,Quarter
T95_Y2018_Q3,2018,3,30.695,25.14,Quarter
T95_Y2018_Q4,2018,4,20.28,30.695,Quarter
T95_Y2019_Q1,2019,1,29.83,20.28,Quarter
T95_Y2019_Q2,2019,2,28.33,29.83,Quarter
T95_Y2019_Q3,2019,3,31.634999999999998,28.33,Quarter
T95_Y2019_Q4,2019,4,26.244999999999997,31.634999999999998,Quarter
T95_Y2020_Q1,2020,1,26.26,26.244999999999997,Quarter
T95_Y2020_Q2,2020,2,27.1,26.26,Quarter
T95_Y2020_Q3,2020,3,24.8,27.1,Quarter
T95_Y2020_Q4,2020,4,22.32,24.8,Quarter
T96_Y2018_Q2,2018,2,30.165,,Quarter
T96_Y2018_Q3,2018,3,31.07,30.165,Quarter
T96_Y2018_Q4,2018,4,30.09,31.07,Quarter
T96_Y2019_Q1,2019,1,30.57,30.09,Quarter
T96_Y2019_Q2,2019,2,30.384999999999998,30.57,Quarter
T96_Y2019_Q3,2019,3,30.009999999999998,30.384999999999998,Quarter
T96_Y2019_Q4,2019,4,31.07,30.009999999999998,Quarter
T96_Y2020_Q1,2020,1,31.19,31.07,Quarter
T96_Y2020_Q2,2020,2,30.03,31.19,Quarter
T96_Y2020_Q3,2020,3,30.585,30.03,Quarter
T96_Y2020_Q4,2020,4,31.240000000000002,30.585,Quarter
T97_Y2018_Q2,2018,2,40.275,,Quarter
T97_Y2018_Q3,2018,3,41.095,40.275,Quarter
T97_Y2018_Q4,2018,4,40.06,41.095,Quarter
T97_Y2019_Q1,2019,1,40.09,40.06,Quarter
T97_Y2019_Q2,2019,2,37.055,40.09,Quarter
T97_Y2019_Q3,2019,3,39.489999999999995,37.055,Quarter
T97_Y2019_Q4,2019,4,38.925,39.489999999999995,Quarter
T97_Y2020_Q1,2020,1,37.91,38.925,Quarter
T97_Y2020_Q2,2020,2,39.66,37.91,Quarter
T97_Y2020_Q3,2020,3,38.53,39.66,Quarter
T97_Y2020_Q4,2020,4,39.44,38.53,Quarter
T99_Y2018_Q2,2018,2,34.72,,Quarter
T99_Y2018_Q3,2018,3,34.335,34.72,Quarter
T99_Y2018_Q4,2018,4,34.23,34.335,Quarter
T99_Y2019_Q1,2019,1,32.61,34.23,Quarter
T99_Y2019_Q2,2019,2,35.12,32.61,Quarter
T99_Y2019_Q3,2019,3,35.815,35.12,Quarter
T99_Y2019_Q4,2019,4,37.76,35.815,Quarter
T99_Y2020_Q1,2020,1,34.5,37.76,Quarter
T99_Y2020_Q2,2020,2,34.2,34.5,Quarter
T99_Y2020_Q3,2020,3,34.515,34.2,Quarter
T99_Y2020_Q4,2020,4,33.54,34.515,Quarter
